id,barcode,name,description,price,brand,amount,image_url,source,ingredients,conservation,preparation,nutrients,discount_id,category_id
96,8001120783806, Robiola 100 g,"Senza conservanti, 100g",5.0,COOP, ,http://www.catalogoprodotti.coop.it/medias/6875689-1380580-P.jpeg-300Wx300H?context=bWFzdGVyfHJvb3R8MTAwMjZ8aW1hZ2UvanBlZ3xoNDQvaDUyLzg4MzYzMjc0NDA0MTQuanBnfDNmNjA5OGU5YWY3MjQ1ZDc4NjlkZDIwNmZmMjhlNGU4N2E2NmI4OGFiZDNkZjYzMTY5ZDZiNDhlN2ZiNzkxYWY,Latte: Italia,"Latte pastorizzato, Panna, Sale, Caglio","Prodotto confezionato in atmosfera protettiva., Conservare in frigorifero tra 0 °C e +4 °C.",,"Energia: 1298 kJ, Grassi: 31 g, di cui acidi grassi saturi: 22 g, Carboidrati: 2,4 g, di cui zuccheri: 2,3 g, Proteine: 6,4 g, Sale: 0,67 g", ,3
97,2143979000000, Formaggio di Fossa di Sogliano D.O.P.,"fior fiore, Il Meglio della Cultura Gastronomica, Denominazione d'Origine Protetta, Latte di pecora",4.9,FIOR FIORE, ,http://www.catalogoprodotti.coop.it/medias/7097346-1356579-P.jpg-300Wx300H?context=bWFzdGVyfHJvb3R8MTk1Mjh8aW1hZ2UvanBlZ3xoODgvaDIzLzg4Nzk2Mjk1NjU5ODIuanBnfDkwOGM0MjQ1MWJiYWNlM2UyZWM1YmVmNzdhN2Q4MDE2ODE0ZjQ2ZDhjOTM0MTI5YzI0ODhlNTI0ZGM0ZTk3ZWE,,"Latte ovino pastorizzato, Fermenti lattici selezionati, Sale, Caglio, Crosta non edibile",Vedi indicazioni riportate sull’etichetta del prodotto.,, , ,3
98,8001120905833, Mozzarella Light 125 g,"- 40% di grassi*, Naturalmente ricca di calcio e fosforo, con fermenti lattici, *Rispetto alla media delle mozzarelle più vendute. Fonte: elaborazione Coop su dati Nielsen - Per maggiori info: www.e-coop.it, peso netto 200g peso sgocciolato 125g e",4.95,BENE SI', ,http://www.catalogoprodotti.coop.it/medias/7187312-1273615-P.jpg-300Wx300H?context=bWFzdGVyfHJvb3R8MTI3Mzd8aW1hZ2UvanBlZ3xoY2QvaDA0Lzg4NTgzODQ5OTAyMzguanBnfDY0NTRmYWRkYjg1MGI3NDFiOWQyMjNlZjQ2Mjk1ODA1OGEwYzgwMmVhZDE1NzU2NDcyZWE3MDlhYTZlODc3OTg,Latte: Italia,"Latte pastorizzato parzialmente scremato, Sale, Caglio, Fermenti lattici, Origine del latte: Italia","Modalità di conservazione, Conservare in frigorifero tra 0°C e +4°C.",,"Energia: 656 kJ, Grassi: 157 kcal, di cui acidi grassi saturi: 196 kcal, Carboidrati: 9 g, di cui zuccheri: 11 g, Fibre: 5,8 g, Proteine: 7,3 g, Sale: 1 g, Vitamina A: 1,3 g, Calcio: 1 g, Fosforo: 1,3 g", ,3
99,8001120905796, senza lattosio Crescenza alta digeribilità 165 g,"Naturalmente ricca di calcio e fosforo, <0,01% di lattosio, 165g",2.25,BENE SI', ,http://www.catalogoprodotti.coop.it/medias/7186465-1600744-P.jpeg-300Wx300H?context=bWFzdGVyfHJvb3R8MTA0MTl8aW1hZ2UvanBlZ3xoZTYvaDgxLzg4NDcxNjQ4NjY1OTAuanBnfDI5MjAyM2ZiODA5NWEwNmUxY2Q1MDRhY2ExMWYwYmRlYzE2YmI5MWY5OTRjOWNmNjVhZGYwYzZlMmExZmVlNGE,Latte: Italia,"Latte pastorizzato, Fermenti lattici, Sale, Caglio , Origine del latte: Italia, Il prodotto contiene glucosio e galattosio in conseguenza della scissione del lattosio","Modalità di conservazione, Conservare in frigorifero tra 0°C e +4°C., Prodotto confezionato in atmosfera protettiva",,"Energia: 1076 kJ, Grassi: 23 g, di cui acidi grassi saturi: 15 g, Carboidrati: 1,9 g, di cui zuccheri: 1,7 g, Fibre: 0 g, Proteine: 13 g, Sale: 0,7 g, Calcio: 359 mg, Fosforo: 352 mg", ,3
100,8001120929037, Mozzarelline 150 g,"Le mozzarelline Coop sono ideali per dare un tocco di sapore e fantasia ai vostri piatti. Si prestano ad essere utilizzate nelle insalate, per completare un piatto freddo o possono diventare un gradevole stuzzichino per i vostri aperitivi.peso netto 290g peso sgocciolato 150g e",4.9,COOP, ,http://www.catalogoprodotti.coop.it/medias/7484145-1451439-P.jpeg-300Wx300H?context=bWFzdGVyfHJvb3R8MTE1ODd8aW1hZ2UvanBlZ3xoMGQvaDNlLzg4Mzk0NjcxMzkxMDIuanBnfDRmYTY1YmE0M2I2NWFiZGNjZDk2NDk1ZGNjYmI4NDg0YjRhMWY1OGZmOWI0YWY4MjlmNDYxZTIxMDJkZWQyZTc,Latte: Italia,"Latte pastorizzato, Sale, Caglio, Fermenti lattici, Origine del latte: Italia",Conservare in frigorifero tra 0°C e +4°C.,,"Energia: 1026 kJ, Grassi: 19 g, di cui acidi grassi saturi: 13 g, Carboidrati: 1 g, di cui zuccheri: 1 g, Fibre: 0 g, Proteine: 18 g, Sale: 0,5 g, Vitamina A: 219 µg, Calcio: 400 mg, Fosforo: 300 mg", ,3
101,8001120931399, Parmigiano Reggiano DOP 30 Mesi 400 g,"L'amore per il territorio, il clima e i verdi pascoli di questa terra dove tutto sembra rimasto immutato, la passione unita alla maestria del casaro che costantemente giorno dopo giorno svolge la sua arte con quei movimenti e gesti antichi fanno nascere questo incredibile prodotto artigianale fatto come una volta, Sua Maestà il Parmigiano Reggiano. Nel più splendido e sapiente silenzio del magazzino riposa fino a raggiungere una stagionatura di 30 mesi. Si consiglia un abbinamento con un Lambrusco o con uno spumante metodo classico per completare la festa del palato.Come smaltire le calorie in eccesso?Ad esempio 7 minuti di corsa equivalgono a circa 100 kcal.fior fiore, Il Meglio della Cultura Gastronomica, Grasso sulla materia secca min. 32%, Non forare l'involucro., Denominazione di Origine Protetta, 400g",0.5,FIOR FIORE, ,http://www.catalogoprodotti.coop.it/medias/7231683-1587284-P.jpeg-300Wx300H?context=bWFzdGVyfHJvb3R8ODg0MHxpbWFnZS9qcGVnfGg5NS9oNjIvODg0NDAyMTQzMjM1MC5qcGd8OGE0NDg5MWNkOWE5NTlhOTMwNTM1ZDU5MjAzMDJkY2I0NzZiZmE3MDdkYTRkY2IxYWY1NzQzMGYwZmRhMjkxMg,"Latte: Italia, Latte parzialmente scremato: Italia","Latte, Sale, Caglio","Modalità di conservazione, Conserva in frigorifero ad una temperatura compresa tra +2°C e + 8°C. Per evitare che il formaggio si disidrati, una volta aperto conserva il prodotto in frigorifero nel suo incarto salvafreschezza.",,"Energia: 1671 kJ, Grassi: 402 kcal, di cui acidi grassi saturi: 201 kcal, Carboidrati: 29,7 g, di cui zuccheri: 14,9 g, Fibre: 19,6 g, Proteine: 9,8 g, Sale: 0 g, Vitamina A: 0 g, Riboflavina: 0 g, Vitamina B12: 0 g, Calcio: 0 g, Fosforo: 0 g, Zinco: 32,4 g", ,3
102,8001120952936, Gorgonzola DOP 200 g,"Il Gorgonzola DOP Coop è un formaggio prelibato, con oltre 75 giorni di stagionatura che garantiscono al prodotto cremosità e un sapore invitante e caratteristicoDenominazione d'Origine Protetta, Confezione apri e chiudi, 200g",2.2,COOP, ,http://www.catalogoprodotti.coop.it/medias/6341326-1399745-P.jpg-300Wx300H?context=bWFzdGVyfHJvb3R8OTQxNXxpbWFnZS9qcGVnfGhmOC9oMTUvODg4MTU1NDU4NzY3OC5qcGd8ZDgzMzg4YTY5MWQxOGU4MGUxZjU0OTVjY2Y2YmQ1M2NiNDdlZDBlMmFhOWNkYzg0ODQwY2M0MzZjMzRiOTVkYg,Latte: Italia,"Latte , Sale, Caglio, Crosta non edibile    ",Conservare a 4°C ± 2°C.,,"Energia: 1342 kJ, Grassi: 27 g, di cui acidi grassi saturi: 19 g, Carboidrati: 0,6 g, di cui zuccheri: 0 g, Fibre: 0 g, Proteine: 19 g, Sale: 2 g", ,3
103,8001120005427, Mozzarella 125 g,peso netto 200g peso sgocciolato 125g e,1.8,COOP, ,http://www.catalogoprodotti.coop.it/medias/3798940-1164241-P.jpg-300Wx300H?context=bWFzdGVyfHJvb3R8MTQ2MDl8aW1hZ2UvanBlZ3xoMDMvaDM2Lzg4NjkyOTg0MDU0MDYuanBnfGM0YTg2Yzc3YTVkZDQxYjEwYjg2Y2ZjZjQzY2Q4YjEwNTBlZjg0YmEyZDUzOGEzNjU3OThhYmY0MWEwNGY3Nzc,Latte: Italia,"Latte vaccino pastorizzato, Sale, Caglio, Fermenti lattici, Origine del latte: Italia",Conservare in frigorifero ad una temperatura tra 0°C e +4°C.,Per gustare la mozzarella in tutta la sua fragranza consigliamo di toglierla dal frigo almeno mezz'ora prima di consumarla.,"Energia: 967 kJ, Grassi: 233 kcal, di cui acidi grassi saturi: 291 kcal, Carboidrati: 18 g, di cui zuccheri: 23 g, Fibre: 12 g, Proteine: 15 g, Sale: 0,7 g, Vitamina A: 0,9 g, Calcio: 0,5 g, Fosforo: 0,6 g", ,3
104,8001120896704, Parmigiano Reggiano DOP 30 Mesi Grattugiato 60 g,"fior fiore, Il Meglio della Cultura Gastronomica, Grasso sulla materia secca min 32%., Denominazione d'Origine Protetta, 60g",0.5,FIOR FIORE, ,http://www.catalogoprodotti.coop.it/medias/7521670-1512153-P.jpeg-300Wx300H?context=bWFzdGVyfHJvb3R8MTYwNzR8aW1hZ2UvanBlZ3xoYTMvaDM0Lzg4Mzc3ODU0NTI1NzQuanBnfDRiNGVkMjk4MjY4ZjY4ODI4NjFhYzk5YTdmOTkwN2JhYjgyNjg5YmUyYjdkODk5MmQ0ZTE2ZTExNWE1MGI4YjA,Latte: Italia,"Latte, Sale, Caglio","Confezionato in atmosfera protettiva., Modalità di conservazione: , Conservare in frigo tra 2° e + 8°C.",,"Energia: 1671 kJ, Grassi: 402 kcal, di cui acidi grassi saturi: 40 kcal, Carboidrati: 30 g, di cui zuccheri: 3 g, Fibre: 20 g, Proteine: 2 g, Sale: 0 g, Vitamina A: 0 g, Riboflavina: 0 g, Vitamina B12: 0 g, Calcio: 0 g, Fosforo: 0 g, Zinco: 32 g", ,3
105,8001120594808," Formaggini con Grana Padano D.O.P. formaggio fuso a porzioni 8 x 17,5 g","Confezione sigillata da vendersi intatta, Formaggio fuso a porzioni, 8 Formaggini, Senza polifosfati aggiunti, 140g",1.1,COOP, ,http://www.catalogoprodotti.coop.it/medias/4569250-1888258-P.jpg-300Wx300H?context=bWFzdGVyfHJvb3R8MTc4OTV8aW1hZ2UvanBlZ3xoZjAvaGEwLzg4Nzc3MzEyODI5NzQuanBnfDgyYTBlNWVlYjk4MTUwMzMwZWI2OGMyZWI0MGIyMzE5NzE4MjI5NGVjNzE2ZWQ3ZDJlMGQzYTAyZjRhMzljMWM,,"Formaggio Grana Padano D.O.P. 25% (latte, sale, caglio, conservante; lisozima da uovo), Latte, Siero di latte concentrato, Burro, Acqua, Proteine del latte, Sali di fusione: citrati di sodio, Correttore di acidità: acido citrico, Sale, SENZA GLUTINE",Conservare in un luogo fresco e asciutto.,,"Energia: 836 kJ, Grassi: 201 kcal, di cui acidi grassi saturi: 35 kcal, Carboidrati: 14 g, di cui zuccheri: 2,4 g, Fibre: 8,6 g, Proteine: 1,5 g, Sale: 5,8 g, Calcio: 1 g", ,3
106,8001120599124, Parmigiano Reggiano DOP Grattugiato 100 g,"- Una specifica alimentazione delle mucche con l'esclusione degli O.G.M.- Accurata selezione degli allevamenti e dei mangimifici.- Controlli rigorosi della filiera in aggiunta a quelli di legge.Il sistema dei controlli Coop è certificato da Bureau Veritas Italia (cert N° 198/001) e CSQA (cert N° 4507 DTS 007)Il Parmigiano Reggiano grattugiato è un ottimo condimento per la pasta in quanto la integra, arricchendola in gusto, di proteine nobili altamente digeribili e grassi, rendendo così un piatto nutrizionalmente equilibrato e completo. La zip salvafreschezza consente di conservare il prodotto mantenendo intatti valori nutrizionali, bontà e gusto.Origine, Tracciabilità totale - Filiera di qualità, Zip salvafreschezza, Denominazione d'Origine Protetta, 100g",2.15,ORIGINE, ,http://www.catalogoprodotti.coop.it/medias/4519642-1827650-P.jpg-300Wx300H?context=bWFzdGVyfHJvb3R8MTM5ODJ8aW1hZ2UvanBlZ3xoNmIvaDk3Lzg4ODE1OTA5OTI5MjYuanBnfDc4YTMzNWY2Njg2ODAxYzNmYjJlYjZkNTAxN2EzOWM5YmEwNzYxMzcxZTk1NzdmNmIxODIxOGU1ZjI1YzdlMmI,Latte: Italia,"Latte, Sale, Caglio","Conserva in frigorifero ad una temperatura compresa tra +2°C e +8°C. Dopo l'apertura, chiudi bene con la zip salvafreschezza, mantieni il prodotto in frigorifero e consumalo entro una settimana., Prodotto confezionato in atmosfera protettiva.",,"Energia: 1671 kJ, Grassi: 402 kcal, di cui acidi grassi saturi: 80 kcal, Carboidrati: 30 g, di cui zuccheri: 5,9 g, Fibre: 20 g, Proteine: 3,9 g, Sale: 0 g, Calcio: 0 g, Fosforo: 0 g", ,3
107,8001120594709, Crescenza 320 g,"La crescenza Coop è un formaggio fresco, con fermenti lattici vivi. Grazie alla loro attività il prodotto acquista le sue preziose caratteristiche organolettiche.Con fermenti lattici vivi, 320g",1.65,COOP, ,http://www.catalogoprodotti.coop.it/medias/4542949-1829246-P.jpg-300Wx300H?context=bWFzdGVyfHJvb3R8OTY4NnxpbWFnZS9qcGVnfGgxZC9oNzMvODg3MjE3NjQxODg0Ni5qcGd8NzdmNWI4MmM3NWRmNDhhOGUzZWViNzJiNDk0ZTVlOTIwNmI1NmIyZTg0MDBhN2ZjODg0MTEwZGFlYWI5MjkxMg,Latte: Italia,"Latte, Fermenti lattici vivi, Sale, Caglio animale  , Origine del latte: Italia","Prodotto confezionato in atmosfera protettiva., Conservare in frigorifero tra 0°C e +4°C.",,"Energia: 1076 kJ, Grassi: 23 g, di cui acidi grassi saturi: 15 g, Carboidrati: 1,9 g, di cui zuccheri: 1,7 g, Fibre: 0 g, Proteine: 13 g, Sale: 0,7 g, Calcio: 359 mg, Fosforo: 352 mg", ,3
108,8001120744531, Stracchino Cremoso 250 g,"fior fiore, Il Meglio della Cultura Gastronomica , Con fermenti lattici vivi, 250g",1.5,FIOR FIORE, ,http://www.catalogoprodotti.coop.it/medias/4628876-1913407-P.jpg-300Wx300H?context=bWFzdGVyfHJvb3R8MTIzNzh8aW1hZ2UvanBlZ3xoODIvaDk2Lzg4Nzk3OTg4NDU0NzAuanBnfDVlM2EyYWFiZjlkODY2NmExZDE2MTFmODA0N2MzMzQ0OWFiNjU4ZmQxNjYwNTg0YTE0ZjBmZTRiNzgzOWRiZjU,,"Latte intero pastorizzato , Crema di latte, Fermenti lattici vivi, Sale, Caglio animale, Origine del latte: Italia",Vedi indicazioni riportate sull’etichetta del prodotto.,,"Energia: 1179 kJ, Grassi: 25 g, di cui acidi grassi saturi: 17 g, Carboidrati: 2 g, di cui zuccheri: 2 g, Fibre: 0 g, Proteine: 14 g, Sale: 0,75 g, Calcio: 340 mg", ,3
109,8001120598820, Fiocchi di Latte 150 g,"Ricco di Proteine, 150g",0.4,COOP, ,http://www.catalogoprodotti.coop.it/medias/4519103-1818308-P.jpg-300Wx300H?context=bWFzdGVyfHJvb3R8MTU3NjR8aW1hZ2UvanBlZ3xoYTMvaGIzLzg4NzEyNTU4Njc0MjIuanBnfDExNmNkMjNlYzgxMTRjMTY4NjdiODczOWNmNWRhY2M5Y2Y5MjJmNTE4MjEzNWZhOWJhNDhhZWJjMmJiNmU0ZWY,"Crema di latte: Austria, Formaggio: Austria, Latte: Austria","Formaggio fresco magro 65% (latte scremato pastorizzato, fermenti lattici, caglio microbico), Crema di latte, Latte scremato pastorizzato, Sale, Fermenti lattici, Origine del latte: Austria",Conserva in frigorifero ad una temperatura compresa tra +0°C e +6°C.,,"Energia: 377 kJ, Grassi: 4,5 g, di cui acidi grassi saturi: 2,7 g, Carboidrati: 3 g, di cui zuccheri: 3 g, Fibre: 0 g, Proteine: 9,4 g, Sale: 0,8 g", ,3
110,8001120594693, Crescenza 165 g,"La crescenza Coop è un formaggio fresco, con fermenti lattici vivi. Grazie alla loro attività il prodotto acquista le sue preziose caratteristiche organolettiche.Con fermenti lattici vivi, 165g",3.55,COOP, ,http://www.catalogoprodotti.coop.it/medias/4542939-1829245-P.jpg-300Wx300H?context=bWFzdGVyfHJvb3R8OTc4N3xpbWFnZS9qcGVnfGgzMC9oN2YvODg3MjE3NzUzMjk1OC5qcGd8Zjc3ZmI3OTFkMTdlNWI1Mjk5NGI0MDU2NmE5NDE2YTI1Y2NmZDU1ODhmYjBiNGQzODc1N2JjMTdkNzk3NDBhNw,Latte: Italia,"Latte, Fermenti lattici vivi, Sale, Caglio animale, Origine del latte: Italia","Prodotto confezionato in atmosfera protettiva., Conservare in frigorifero tra 0°C e +4°C.",,"Energia: 1076 kJ, Grassi: 23 g, di cui acidi grassi saturi: 15 g, Carboidrati: 1,9 g, di cui zuccheri: 1,7 g, Fibre: 0 g, Proteine: 13 g, Sale: 0,7 g, Calcio: 359 mg, Fosforo: 352 mg", ,3
111,8001120598837, Formaggio Fresco Primo Sale 215 g,"Ricco di Calcio, Fonte naturale di proteine, Senza conservanti, 215g",1.95,COOP, ,http://www.catalogoprodotti.coop.it/medias/4519104-1864790-P.jpg-300Wx300H?context=bWFzdGVyfHJvb3R8MTYxMDd8aW1hZ2UvanBlZ3xoOGIvaGZlLzg4NzUwNjcxMTM1MDIuanBnfGEwYzMwZmEyNzFiYjFhODc5ZDY5MmNlZDEzNjMzNDA4MjU3ZGYwNWY2YmUwNmQ5ZWVhYjI1YmYzZmE0ZDM5NmI,Latte: Italia,"Latte pastorizzato, Sale, Caglio microbico, Origine del latte: Italia","Confezionato in atmosfera protettiva., Conserva in frigorifero ad una temperatura compresa tra +0°C e +6°C.",,"Energia: 848 kJ, Grassi: 16 g, di cui acidi grassi saturi: 11 g, Carboidrati: 3,3 g, di cui zuccheri: 2,5 g, Fibre: 0 g, Proteine: 13 g, Sale: 0,65 g, Calcio: 560 mg", ,3
112,2145097000000, Stracchino Cremoso,"fior fiore, Il Meglio della Cultura Gastronomica, Con fermenti lattici vivi, Da vendersi a peso",1.7,FIOR FIORE, ,http://www.catalogoprodotti.coop.it/medias/4628898-1913406-P.jpg-300Wx300H?context=bWFzdGVyfHJvb3R8MTE0OTl8aW1hZ2UvanBlZ3xoYzUvaDQxLzg4Nzk3OTgzMjExODIuanBnfDJhODNhZWEyZDQzYmM4YjAzZjIyNjNmNGRjNzk1YzhhMTZhMzBhMmIzMTQ1ODljNTkwOGY2NzIxYjYwYmQ4MjI,,"Latte intero pastorizzato , Crema di latte, Fermenti lattici vivi, Sale, Caglio animale, Origine del latte: Italia",Vedi indicazioni riportate sull’etichetta del prodotto.,,"Energia: 1179 kJ, Grassi: 285 kcal, di cui acidi grassi saturi: 228 kcal, Carboidrati: 25 g, di cui zuccheri: 20 g, Fibre: 17 g, Proteine: 14 g, Sale: 2 g, Calcio: 1,6 g", ,3
113,8001120600318, Parmigiano Reggiano DOP 300 g,"- Una specifica alimentazione delle mucche con l'esclusione degli O.G.M.- Accurata selezione degli allevamenti e dei mangimifici.- Controlli rigorosi della filiera in aggiunta a quelli di legge.Il sistema dei controlli Coop è certificato da Bureau Veritas Italia (cert N° 198/001) e CSQA (cert N° 4507 DTS 007)Il Parmigiano Reggiano grattugiato è un ottimo condimento per la pasta in quanto la integra, arricchendola in gusto, di proteine nobili altamente digeribili e grassi, rendendo così un piatto nutrizionalmente equilibrato e completo. La zip salvafreschezza consente di conservare il prodotto mantenendo intatti valori nutrizionali, bontà e gusto.Origine, Tracciabilità totale - Filiera di qualità, Denominazione d'Origine Protetta, Peso fisso 300g e",4.8,ORIGINE, ,http://www.catalogoprodotti.coop.it/medias/4481669-1929357-P.jpg-300Wx300H?context=bWFzdGVyfHJvb3R8ODMxMXxpbWFnZS9qcGVnfGg3Ny9oNzEvODg4MTU4NzA2MDc2Ni5qcGd8NTI1OTNmNzMxNjViYTYwZjlmZTg0MDMzZTUzOTAzYzZjNzZiYmRhOGQ0YjlkYjkzNDg1M2MyMmY5ZTliNTUxMQ,,"Latte, Sale, Caglio","Conservare in frigorifero tra +2°C e +8°C., Confezionato in atmosfera protettiva.",,"Energia: 1671 kJ, Grassi: 30 g, di cui acidi grassi saturi: 20 g, Carboidrati: 0 g, di cui zuccheri: 0 g, Fibre: 0 g, Proteine: 32 g, Sale: 1,6 g, Calcio: 1155 mg, Fosforo: 691 mg", ,3
114,8001120855473, Grana Padano DOP Riserva Oltre 20 Mesi 300 g,"La stagionatura prolungata con un affinamento di oltre 20 mesi conferisce al Grana Padano Dop Riserva un sapore pieno che si caratterizza per il gusto deciso con aromi di burro e note floreali. Si può gustare tal quale come sfizioso fuori pasto ed anche grattugiato sulle pietanze più pregiate dove conferisce la giusta sapidità.Abbinamento vino: Valdobbiadene Prosecco DOCG fior fiore Coop, Lambrusco di Modena DOP fior fiore CoopCome smaltire le calore in eccesso?Ad esempio 7 minuti di corsa equivalgono a circa 100 kcal.fior fiore, Il Meglio della Cultura Gastronomica, Denominazione d'Origine Protetta, Riserva oltre 20 mesi, 300g",3.85,FIOR FIORE, ,http://www.catalogoprodotti.coop.it/medias/4437481-1697683-P.jpg-300Wx300H?context=bWFzdGVyfHJvb3R8OTcxOXxpbWFnZS9qcGVnfGgxMS9oYTIvODg1Nzk2MTQzMTA3MC5qcGd8ZTY1OGExMDgxZTFmODY2MzM1YzUwZDJiMGVmNjMxZTQ3OGE4ZDc3MzJmZDBhODVhMzM5NWYzYzVjODU4NDEzNQ,Latte: Italia,"Latte, Sale, Caglio, Conservante: lisozima da uovo","Modalità di conservazione:, Conserva in frigorifero ad una temperatura compresa tra +2°C e +8°C. Per una migliore conservazione, una volta aperto, conserva il prodotto in frigorifero in questo incarto salvafreschezza.",,"Energia: 1654 kJ, Grassi: 398 kcal, di cui acidi grassi saturi: 199 kcal, Carboidrati: 29 g, di cui zuccheri: 15 g, Fibre: 18 g, Proteine: 9 g, Sale: 0 g, Calcio: 0 g, Fosforo: 0 g", ,3
115,8001120601131, Grana Padano DOP Oltre 16 Mesi 400 g,"1. Formaggio prodotto con latte ricavato da mucche alimentate con il più avanzato sistema per l'esclusione degli Organismi Geneticamente Modificati.2. L'accurata selezione degli allevamenti e dei mangimifici. 3. La conoscenza ed il controllo di tutta la filiera produttiva e delle caratteristiche igienco-sanitarie del prodotto.4. La stagionatura di oltre 16 mesi conferisce un sapore deciso ed intenso.Il sistema dei controlli Coop è certificato da Bureau Veritas Italia (cert N°198/001) e CSQA (cert N° 4507 DTS 007)Origine, Tracciabilità totale - Filiera di qualità, Apri e chiudi, Denominazione d'Origine Protetta, 400g",4.3,ORIGINE, ,http://www.catalogoprodotti.coop.it/medias/7594671-1866892-P.jpg-300Wx300H?context=bWFzdGVyfHJvb3R8Njg1MHxpbWFnZS9qcGVnfGg4NS9oM2UvODg3NTQyMjQxNjkyNi5qcGd8ZjFjNGNkY2NmZDRiZWZjNDQ5MWJjYzAwNmVhZWFiNGIyMGVlMWMzMzVmY2ZiYWU3Mjg4ODcwMTFkY2VkMDVhYw,Latte: Italia,"Latte, Sale, Caglio, Lisozima da uovo","Conservare in frigorifero tra +2°C e +8°C., Confezionato in atmosfera protettiva.",,"Energia: 1654 kJ, Grassi: 29 g, di cui acidi grassi saturi: 18 g, Carboidrati: 0 g, di cui zuccheri: 0 g, Fibre: 0 g, Proteine: 33 g, Sale: 1,5 g, Calcio: 1165 mg, Fosforo: 692 mg", ,3
116,8001120749475, Parmigiano Reggiano DOP Biologico 300 g,"Denominazione di Origine Protetta, Apri e chiudi, 300g",4.05,VIVI VERDE, ,http://www.catalogoprodotti.coop.it/medias/4475272-1847453-P.jpg-300Wx300H?context=bWFzdGVyfHJvb3R8Nzk2OXxpbWFnZS9qcGVnfGhmYi9oZjMvODg3MzQ2NzI4MTQzOC5qcGd8N2U5N2U3Y2FkOGIxZTljZDQwOGJhOTI0ZmEwNzZmM2Q0YzQ1YmI0OWJmYzk3ODdmODI4NzJmMTcxN2MxYjBhNQ,Latte: Italia,"Latte biologico, Sale, Caglio","Modalità di conservazione, In frigorifero tra +2° C e +8° C., Confezionato in atmosfera protettiva",,"Energia: 1671 kJ, Grassi: 30 g, di cui acidi grassi saturi: 20 g, Carboidrati: 0 g, di cui zuccheri: 0 g, Fibre: 0 g, Proteine: 32 g, Sale: 1,6 g, Vitamina A: 430 µg, Riboflavina: 0,4 B2, Calcio: 1155 mg, Fosforo: 691 mg", ,3
117,2146863000000, Parmigiano Reggiano DOP oltre 40 mesi,"”Il Parmigiano Reggiano DOP fior fiore Coop, unendo la grande maestria casearia ad una stagionatura prolungata per oltre 40 mesi, rappresenta una eccellenza del nostro Appennino e un vanto della tradizione gastronomica nazionale. Di consistenza friabile e facilmente solubile al palato, si presenta all'assaggio con un sapore deciso ed equilibrato nei tipici sentori di frutta secca e noce moscata. Per apprezzarne la grande qualità è consigliabile gustarlo tal quale in abbinamento con vini strutturati come l'Amarone della Valpolicella DOCG Classico fior fiore Coop oppure il Bravìolo Rosso di Toscana IGT fior fiore Coop.fior fiore, Il Meglio della Cultura Gastronomica, Denominazione d'Origine Protetta",3.5,FIOR FIORE, ,http://www.catalogoprodotti.coop.it/medias/4516874-1818685-P.jpg-300Wx300H?context=bWFzdGVyfHJvb3R8NjE2NHxpbWFnZS9qcGVnfGgwMi9oNGIvODg3MTMxMTAxNTk2Ni5qcGd8MzNhNGYzNDE0MTdkOWI3MWZjNmZmMjc3ZmI1NjcyZGIwMThjNTYyOTY5MDEwMDg3NGRmMjcwYmQ1MWM1YWRhYw,,"Latte, Sale, Caglio",Vedi indicazioni riportate sull’etichetta del prodotto.,,"Energia: 1671 kJ, Grassi: 30 g, di cui acidi grassi saturi: 20 g, Carboidrati: 0 g, di cui zuccheri: 0 g, Fibre: 0 g, Proteine: 32 g, Sale: 1,6 g, Calcio: 1155 mg, Fosforo: 691 mg", ,3
118,8001120595034," formaggini Biologici 6 x 20,8 g","Contiene due astucci non vendibili singolarmente, - Naturalmente ricchi di calcio, 6 Formaggini, 125g e 6 formaggini",1.85,VIVI VERDE, ,http://www.catalogoprodotti.coop.it/medias/4577472-1888257-P.jpg-300Wx300H?context=bWFzdGVyfHJvb3R8MTAzMjh8aW1hZ2UvanBlZ3xoY2MvaGI0Lzg4Nzc3MzE4MDcyNjIuanBnfGQzYWIwYzVhMmU1MGU0ZTkzZjNjZTlhZjgzZWNmZmUyZDlhYmIzODYxMGM5NTkzMDhhNTIxMTgzOTRkYWQzMWM,,"Formaggio*, Latte*, Burro*, Acqua, Proteine del latte*, Siero di latte in polvere*, Sale di fusione: citrato di sodio, Correttore di acidità: acido lattico, *Biologico, SENZA GLUTINE","Modalità di conservazione, Conserva in luogo fresco ed asciutto.",,"Energia: 894 kJ, Grassi: 214 kcal, di cui acidi grassi saturi: 45 kcal, Carboidrati: 14 g, di cui zuccheri: 2,8 g, Fibre: 8,2 g, Proteine: 1,7 g, Sale: 9,5 g, Calcio: 2 g", ,3
119,8001120864666, senza lattosio Bocconcini di Mozzarella alta digeribilità 200 g,"<0,01% di lattosio, Peso netto 400g Peso sgocciolato 200g e La confezione contiene 12 pezzi",2.85,BENE SI', ,http://www.catalogoprodotti.coop.it/medias/4451215-1762289-P.jpg-300Wx300H?context=bWFzdGVyfHJvb3R8MTM0NTd8aW1hZ2UvanBlZ3xoOGIvaGZhLzg4NjQ5NzE2NTMxNTAuanBnfDQ4NzA5MzcyZDRmNDhkOGYzNDRkYzc0NWZmNWZlZTMwMjczMDYwNGU5ZWZiNmRkMWE2MTMzZmEwOTJkNmViNDU,Latte: Italia,"Latte delattosato, Sale, Caglio, Fermenti lattici, Origine del latte: Italia, Il prodotto contiene glucosio e galattosio in conseguenza della scissione del lattosio",Modalità di conservazione: Conserva in frigorifero ad una temperatura compresa tra +0°C e +4°C.,,"Energia: 895 kJ, Grassi: 16 g, di cui acidi grassi saturi: 12 g, Carboidrati: 0,8 g, di cui zuccheri: 0 g, Fibre: 0 g, Proteine: 17 g, Sale: 0,45 g", ,3
120,8001120749482, Formaggio fresco 2 x 75 g,"L'eventuale umidità in superficie è una normale caratteristica del prodotto., Contiene due confezioni non vendibili separatamente., Senza conservanti, 150g e 2x75g",1.1,COOP, ,http://www.catalogoprodotti.coop.it/medias/4475348-1780115-P.jpg-300Wx300H?context=bWFzdGVyfHJvb3R8MTE0MTl8aW1hZ2UvanBlZ3xoMzYvaDA3Lzg4NjczNTQ2MDc2NDYuanBnfGRhZmM2NGU1ZWUyNzM3Y2Y0NmI0M2UyZmE4NWFhMWUzMjc5ZmRiMmRjNjJkZTQ3ZGQxMTFiZDNjODllMjJlMWE,"Crema di latte: Italia, Latte: Italia","Latte, Crema di latte, Sale, Addensanti: alginato di sodio, farina di semi di carrube, Origine del latte: Italia, SENZA GLUTINE",Conservare in frigorifero tra 0°C e +4°C,,"Energia: 1192 kJ, Grassi: 289 kcal, di cui acidi grassi saturi: 217 kcal, Carboidrati: 28 g, di cui zuccheri: 21 g, Fibre: 20 g, Proteine: 15 g, Sale: 2,6 g", ,3
121,8001120926036, senza lattosio Fettine formaggio fuso a fette alta digeribilità 8 fette 200 g,"Il prodotto contiene glucosio e galattosio in conseguenza della scissione del lattosio.<0,01% di lattosio, 200g e - 8 fette",0.35,BENE SI', ,http://www.catalogoprodotti.coop.it/medias/4412573-1640222-P.jpeg-300Wx300H?context=bWFzdGVyfHJvb3R8MTQyNzF8aW1hZ2UvanBlZ3xoOTQvaGViLzg4NTA5MzMwNTU1MTguanBnfGQ2OWMwYzhkMTViMTA3MGUwNjI0YWM2OTY2ZjRmNTkxYjgwMTA2N2ZjMGExMzk0MjQ5ZjY0NWNiNTdlNzExNjk,"Formaggio: Danimarca, Germania, Irlanda, Paesi bassi","Formaggio, Acqua, Proteine del latte, Burro, Sale di fusione: citrato di sodio, Sale, Correttore di acidità: acido citrico, SENZA GLUTINE","Confezionato in atmosfera protettiva., Modalità di conservazione:, Conserva in frigorifero ad una temperatura compresa tra +2°C e +6°C.",,"Energia: 906 kJ, Grassi: 218 kcal, di cui acidi grassi saturi: 55 kcal, Carboidrati: 16 g, di cui zuccheri: 4 g, Fibre: 11 g, Proteine: 2,8 g, Sale: 0 g, Calcio: 0 g", ,3
122,8001120834171, senza lattosio Scamorza alta digeribilità 120 g,"<0,01% di lattosio, 120g",1.25,BENE SI', ,http://www.catalogoprodotti.coop.it/medias/7578179-1663383-P.jpeg-300Wx300H?context=bWFzdGVyfHJvb3R8NzE3OXxpbWFnZS9qcGVnfGg1Mi9oYzEvODg1MzEzODY2OTU5OC5qcGd8Y2FlNGJkMTdiNWIzYTk2ODdmMzViN2QxNjY3NDlmODM5MWJjOTVlNDYxY2JhMzZkYzAyZDI3YmU3MDM0NTU2ZA,Latte: Italia,"Latte, Sale, Caglio , Origine del latte: Italia","Modalità di conservazione, Conserva in frigorifero ad una temperatura compresa tra +2 °C e +8 °C., Confezionato in atmosfera protettiva.",,"Energia: 1422 kJ, Grassi: 343 kcal, di cui acidi grassi saturi: 41 kcal, Carboidrati: 27 g, di cui zuccheri: 3,2 g, Fibre: 19 g, Proteine: 2,3 g, Sale: 0,9 g", ,3
123,8001120831132, Grana Padano DOP Biologico 350 g,"Denominazione d'Origine Protetta, 0.350kg",1.25,VIVI VERDE, ,http://www.catalogoprodotti.coop.it/medias/4402511-1624738-P.jpeg-300Wx300H?context=bWFzdGVyfHJvb3R8NzU1OXxpbWFnZS9qcGVnfGgyYS9oMjAvODg0OTQ4NjMxNTU1MC5qcGd8OTYxMjlkMzVkYTRlNDVmZGJiOTcyZjk4ZGQyMmM2NjZlZDNkZTZjMzFjMTYxMzk2MDYxNjJjYWRmYWIxYTU0YQ,Latte: Italia,"Latte*, Sale, Caglio, *Biologico , Stagionatura minima 12 mesi","Modalità di conservazione, Confezionato in atmosfera protettiva., Conserva in frigorifero ad una temperatura compresa tra +2°C e +8°C.",,"Energia: 1654 kJ, Grassi: 29 g, di cui acidi grassi saturi: 18 g, Carboidrati: 0 g, di cui zuccheri: 0 g, Fibre: 0 g, Proteine: 33 g, Sale: 1,5 g, Calcio: 1165 mg", ,3
124,8001120925954, senza lattosio Scamorza affumicata alta digeribilità 120 g,"Affumicatura al naturale, <0,01% di lattosio, 120g",3.55,BENE SI', ,http://www.catalogoprodotti.coop.it/medias/4411759-1663334-P.jpeg-300Wx300H?context=bWFzdGVyfHJvb3R8Nzg2MnxpbWFnZS9qcGVnfGhiMC9oMjgvODg1MzI4NTA3NzAyMi5qcGd8YTkzNzYyNTI1MmQyODQ4YWU0Y2JjOGIxYzY5MTc3YmQ5NjNmZDdmM2JlODZlNTg4ZTRkYjM0ZGQxYTQyYTVkNA,Latte: Italia,"Latte, Sale, Caglio , Origine del latte: Italia","Modalità di conservazione, Conserva in frigorifero ad una temperatura compresa tra +2 °C e +8 °C., Confezionato in atmosfera protettiva.",,"Energia: 1422 kJ, Grassi: 343 kcal, di cui acidi grassi saturi: 41 kcal, Carboidrati: 27 g, di cui zuccheri: 3,2 g, Fibre: 19 g, Proteine: 2,3 g, Sale: 0,9 g", ,3
125,8001120829269, Crescenza Light 200 g,"Nuova Ricetta, -50% di grassi*, -30% di sale*, *Rispetto alla media delle crescenze più vendute. Fonte: Elaborazione Coop su dati Nielsen - Per maggiori info: www.e-coop.it, 200g",2.25,BENE SI', ,http://www.catalogoprodotti.coop.it/medias/7589293-1608516-P.jpeg-300Wx300H?context=bWFzdGVyfHJvb3R8MTAxMzZ8aW1hZ2UvanBlZ3xoYzEvaDBiLzg4NDc5ODgwNjQyODYuanBnfDM5ZGViYTViMmUxZjhiYTg2OTUyYzVjZGY4YmE2NzVhMzhjZTgxNzcyMjNhZDVjNDkwM2IwNjQ1NDZhODhmNTY,Latte: Italia,"Latte parzialmente scremato pastorizzato, Fermenti lattici, Sale, Caglio , Origine del latte: Italia","Modalità di conservazione, Conservare in frigorifero tra 0°C e +4°C., Prodotto confezionato in atmosfera protettiva.",,"Energia: 713 kJ, Grassi: 11 g, di cui acidi grassi saturi: 7,2 g, Carboidrati: 2 g, di cui zuccheri: 2 g, Fibre: 0 g, Proteine: 16 g, Sale: 0,5 g, Calcio: 340 mg, Fosforo: 220 mg", ,3
126,8001120866172, Asiago DOP Fresco 350 g,"L'Asiago DOP è un formaggio dal gusto delicato e gradevole. La sua zona d'origine è situata nelle intere province di Trento, Vicenza e aree confinanti delle province di Padova e Treviso; il processo produttivo avviene nel rispetto del disciplinare di produzione, da azienda associata al Consorzio per la tutela del formaggio Asiago.Può essere consumato da solo o usato per dare un tocco di fantasia a molte pietanze. Si abbina perfettamente a vini bianchi leggeri o frizzanti.Stagionatura minima 30 Giorni, Denominazione d'Origine Protetta, 350g",1.7,COOP, ,http://www.catalogoprodotti.coop.it/medias/4425388-1692954-P.jpg-300Wx300H?context=bWFzdGVyfHJvb3R8MTA1Mjd8aW1hZ2UvanBlZ3xoZWQvaGUzLzg4NTcyMzMxOTUwMzguanBnfDYwNGJlN2Q3Y2U2YzUzMGQ2NjRlMzc4MjQ5YjZkOWQ1ODUzZGE2ZjU4YmFhZDM0NWIyMjc4OTBmNWZiOTVhNDE,Latte: Italia,"Latte, Sale , Fermenti lattici, Caglio, La parte superficiale della crosta non è edibile, Origine del latte: Italia","Conservare in frigorifero tra +4°C e +8°C., Prodotto confezionato in atmosfera protettiva.",,"Energia: 1613 kJ, Grassi: 389 kcal, di cui acidi grassi saturi: 194 kcal, Carboidrati: 32 g, di cui zuccheri: 16 g, Fibre: 23 g, Proteine: 11 g, Sale: 0 g", ,3
127,8001120926333, Mozzarella di Bufala Campana DOP 200 g,"Dal latte intero di bufala sapientemente lavorato secondo metodi tradizionali nasce la mozzarella di bufala campana DOP fior fiore, una vera specialità e un'autentica delizia per i palati più raffinati. Si distingue per ulteriori caratteristiche: una specifica alimentazione delle bufale senza aggiunta di grassi animali e senza Organismi Geneticamente Modificati.Abbinamento vino consigliato: Fiano di Avellino DOCG Fior Fiore Coopfior fiore, Il Meglio della Cultura Gastronomica, Prodotto soggetto a variazioni di peso., Denominazione di Origine Protetta, Peso netto: 450g Peso sgocciolato: 200g e",2.05,FIOR FIORE, ,http://www.catalogoprodotti.coop.it/medias/4415122-1903932-P.jpg-300Wx300H?context=bWFzdGVyfHJvb3R8MTU3NDl8aW1hZ2UvanBlZ3xoNmMvaDc0Lzg4NzkwNjE3NjIwNzguanBnfDhmODZiYTViY2Q0MzZiMWIzZjYwNDZjMzkxYTdhMjg2MTJhODQyNjJjNmQ0MTVhYzYxYzc5NTEzZDkxN2I5ZDA,Latte di bufala: Italia,"Latte di bufala, Siero innesto naturale (latte), Sale, Caglio","Modalità di conservazione, In frigorifero tra 0° e +4°C. Per apprezzarne appieno le caratteristiche si consiglia di togliere la mozzarella dal frigo almeno un'ora prima di consumarla.",,"Energia: 1149 kJ, Grassi: 23 g, di cui acidi grassi saturi: 14 g, Carboidrati: 0 g, di cui zuccheri: 0 g, Fibre: 0 g, Proteine: 17 g, Sale: 0,45 g", ,3
128,2148646000000, Squacquerone di Romagna D.O.P.,"“Lo Squacquerone di Romagna D.O.P. fior fiore Coop, nato dall'antica tradizione casearia romagnola, è perfetto gustato tal quale con la piadina, ma anche un versatile ingrediente in cucina.Abbinamento vino consigliato: Valdobbiadene Prosecco DOCG fior fiore Coop„fior fiore, Il Meglio della Cultura Gastronomica, Da vendersi a peso., Denominazione d'Origine Protetta",3.0,FIOR FIORE, ,http://www.catalogoprodotti.coop.it/medias/4420773-1811960-P.jpg-300Wx300H?context=bWFzdGVyfHJvb3R8MTI2NzB8aW1hZ2UvanBlZ3xoZmEvaGRiLzg4NzA2MzE1NzE0ODYuanBnfDIzY2NmMjZmNTU5NzA5MWUzNjE4YWZkMTQ4ODE4MDA2MThjYWIzM2MwYzk2ZTY1NWY5YTcwYzNmMjM2MjllZTE,Latte: Italia,"Latte intero pastorizzato, Fermenti lattici vivi autoctoni, Sale, Caglio",Vedi indicazioni riportate sull’etichetta del prodotto.,,"Energia: 946 kJ, Grassi: 19 g, di cui acidi grassi saturi: 14 g, Carboidrati: 1,7 g, di cui zuccheri: 1,7 g, Fibre: 0 g, Proteine: 12 g, Sale: 0,7 g", ,3
129,8001120927583, Parmigiano Reggiano DOP Grattugiato Biologico 50 g,"vivi verde, La linea vivi verde Coop comprende i prodotti biologici, sani e genuini grazie a un sistema di produzione che rispetta gli animali e l'ambiente, e prodotti non alimentari ecologici, realizzati con criteri sostenibili e di compatibilità ambientale., Denominazione d'Origine Protetta, 50g",4.75,VIVI VERDE, ,http://www.catalogoprodotti.coop.it/medias/7557470-1587285-P.jpeg-300Wx300H?context=bWFzdGVyfHJvb3R8MTAyOTN8aW1hZ2UvanBlZ3xoYmMvaDE4Lzg4NDQwMjM1Mjk1MDIuanBnfDg4YWZjMWNmNGVjMGJjNGEyYTQxNDMwYjQ5M2MxNTI5Y2JjYjY4MTVlMTEwMzUxM2M0MGNlYTExZDgyN2U1ZTU,Formaggio parmigiano reggiano: Italia,"Latte*, Sale, Caglio, *Biologico, Grasso sulla materia secca min 32%","Modalità di conservazione, Confezionato in atmosfera protettiva. Conserva in frigorifero ad una temperatura compresa tra +2°C e +8°C., Dopo l'apertura, chiudi bene con la zip salvafreschezza, mantieni il prodotto in frigorifero e consumalo entro una settimana.",,"Energia: 1671 kJ, Grassi: 402 kcal, di cui acidi grassi saturi: 40 kcal, Carboidrati: 30 g, di cui zuccheri: 3 g, Fibre: 20 g, Proteine: 2 g, Sale: 0 g, Calcio: 0 g, Fosforo: 0 g", ,3
130,8001120902337, Crescenza Biologica di Capra 100 g,"Ricca di calcio e fosforo, 100g",1.8,VIVI VERDE, ,http://www.catalogoprodotti.coop.it/medias/7508631-1485399-P.jpeg-300Wx300H?context=bWFzdGVyfHJvb3R8MTMwMzV8aW1hZ2UvanBlZ3xoZWQvaDQzLzg4Mzk2NTUzNTg0OTQuanBnfDVhMzRkZjI2OTBlMjFhYWQ1MDQwMzA3ZGM3NjUyNDVhODc5YWJlZDM1YTAwNDExNWIwYmY5Y2Q0YWUxOTQzM2E,Latte di capra: Italia,"Latte* di capra, Sale, Fermenti lattici, Caglio, *Biologico , Origine del latte: Italia","Modalità di conservazione, Conservare in frigorifero tra 0° C e +4° C., Prodotto e confezionato in atmosfera protettiva.",,"Energia: 966 kJ, Grassi: 19 g, di cui acidi grassi saturi: 14 g, Carboidrati: 1,8 g, di cui zuccheri: 1 g, Fibre: 0 g, Proteine: 15 g, Sale: 0,6 g, Calcio: 476 mg, Fosforo: 383 mg", ,3
131,8001120892270, Crescenza 2 x 200 g,"La crescenza Coop è un formaggio fresco, con fermenti lattici vivi. Grazie alla loro attività il prodotto acquista le sue preziose caratteristiche organolettiche. La crescenza Coop viene prodotta utilizzando esclusivamente latte proveniente da allevamenti italiani.Con fermenti lattici vivi, 200g e x 2",3.3,COOP, ,http://www.catalogoprodotti.coop.it/medias/7530691-1600745-P.jpeg-300Wx300H?context=bWFzdGVyfHJvb3R8MTEzMjN8aW1hZ2UvanBlZ3xoZDUvaDc0Lzg4NDcxNjQzNDIzMDIuanBnfDI0ZDUzMjE0NDI3OWY3MWFhNjhjMGI5NmY5ODhiNDU1NWY0ODNkZWFiZjcwYzUyMmYyODkzZjUxMTc0YTI5MDk,Latte: Italia,"Latte fresco pastorizzato, Fermenti lattici vivi, Sale, Caglio","Conservare in frigorifero da 0°C a +4°C, Confezionato in atmosfera protettiva",,"Energia: 1076 kJ, Grassi: 23 g, di cui acidi grassi saturi: 15 g, Carboidrati: 1,9 g, di cui zuccheri: 1,7 g, Fibre: 0 g, Proteine: 13 g, Sale: 0,7 g, Calcio: 359 mg, Fosforo: 352 mg", ,3
132,8001120926647, Burrata 350 g,"L'invenzione della Burrata è frutto della sapiente arte casearia pugliese, in particolare di quella di Andria. Una sottilissima sfoglia di mozzarella che racchiude al suo interno un cremoso cuore di pasta sfilacciata e crema di latte, la cui produzione si è poi estesa ad altre regioni del territorio nazionale.La burrata FiorFiore Coop è la perfetta sintesi fra tradizione artigianale e innovazione tecnologica: fatta di solo latte vaccino italiano, elastica all'esterno e burrosa all'interno, è realizzata secondo metodi artigianali da un'azienda familiare di tradizioni casearie dal 1921, che la produce nelle Marche ad Ascoli Piceno con il latte proveniente dai pascoli del Gran Sasso, dei Monti della Laga e del Parco dei Sibillini.Il latte viene riscaldato e sottoposto ad acidificazione, dopodiché viene fatto coagulare con l'aggiunta di caglio. A questo punto, una parte della pasta viene ridotta in pezzi, sfilacciata e arricchita con panna: servirà per il ripieno. Con la pasta restante si produce invece l'involucro esterno.Il processo di annodatura, affidato alle abili operaie, avviene ancora a mano, come una volta.Disponibile nel banco gastronomia (assistito o take-away).fior fiore, Il Meglio della Cultura Gastronomica, Peso netto 500g Peso sgocciolato 350g e",3.0,FIOR FIORE, ,http://www.catalogoprodotti.coop.it/medias/4418151-1695302-P.jpg-300Wx300H?context=bWFzdGVyfHJvb3R8MTEzNTV8aW1hZ2UvanBlZ3xoODcvaGRmLzg4NjA2MzIxODY5MTAuanBnfGQwZDI0YTNmMWY0MTAwMGNhYTc1NzE4ZmIxNTRkMjMzYjVmZDAzYWYzNmI5OGVhMGI2MWNjYzExM2E0ZTQzNWQ,"Crema di latte: Italia, Latte: Italia","Mozzarella (latte, sale, caglio, fermenti lattici), Crema di latte 32%, Sale, Origine latte: Italia",Vedi indicazioni riportate sull’etichetta del prodotto.,"Abbinamento vino consigliato:, Franciacorta Fior Fiore Coop","Energia: 1007 kJ, Grassi: 21 g, di cui acidi grassi saturi: 14 g, Carboidrati: 1,5 g, di cui zuccheri: 0,7 g, Fibre: 0 g, Proteine: 12 g, Sale: 0,3 g", ,3
133,8001120924513, Squacquerone di Romagna D.O.P. 250 g,"“Lo Squacquerone di Romagna D.O.P. fior fiore Coop, nato dall'antica tradizione casearia romagnola, è perfetto gustato tal quale con la piadina, ma anche un versatile ingrediente in cucina.Abbinamento vino consigliato: Valdobbiadene Prosecco DOCG fior fiore Coopfior fiore, Il Meglio della Cultura Gastronomica, Denominazione d'Origine Protetta, 250g",3.15,FIOR FIORE, ,http://www.catalogoprodotti.coop.it/medias/4420764-1693949-P.jpg-300Wx300H?context=bWFzdGVyfHJvb3R8MTA2NDR8aW1hZ2UvanBlZ3xoMzEvaGMxLzg4Njc1NjM1NjkxODIuanBnfDg1Nzk1Y2U1Nzk5NGQ5M2E2YmZiMDc2OWY3NjRiZGRkYTNkZjEyNjU5NzIyMTg4OGZlNzVkYTZmNzMxNWFkN2Q,Latte: Italia,"Latte intero pastorizzato, Fermenti lattici vivi autoctoni, Sale, Caglio",Vedi indicazioni riportate sull’etichetta del prodotto.,,"Energia: 946 kJ, Grassi: 19 g, di cui acidi grassi saturi: 14 g, Carboidrati: 1,7 g, di cui zuccheri: 1,7 g, Fibre: 0 g, Proteine: 12 g, Sale: 0,7 g", ,3
134,8001120987181, Mascarpone 500 g,"Il mascarpone Coop ha un gusto avvolgente e una cremosità che lo rende facile da lavorare. È un ingrediente molto eclettico perchè si presta ad essere utilizzato nella preparazione di dolci, ma anche di primi piatti, ad esempio per mantecare la pasta, o nella creazione di gustose e sfiziose tartine.500g",4.05,COOP, ,http://www.catalogoprodotti.coop.it/medias/2847004-1402879-P.jpg-300Wx300H?context=bWFzdGVyfHJvb3R8MTMwNzh8aW1hZ2UvanBlZ3xoNjUvaDg4Lzg4NTgwMjQzNDU2MzAuanBnfDEyODVjYjBlZGQ1NjYyZWRhODE4NDVjMzc0OTUxZjE1ZDkyMTE0MzgzNGVmNDE4M2JkZjljMWViNmRhNmZhYTc,"Latte: Italia, Panna: Italia","Panna pastorizzata, Latte pastorizzato, Correttore di acidità: acido citrico, Origine del latte: Italia","Conservare in frigorifero ad una temperatura compresa tra 0°C e +4°C., Una volta aperto consumare entro le 24 ore.",,"Energia: 1658 kJ, Grassi: 42 g, di cui acidi grassi saturi: 28 g, Carboidrati: 2,5 g, di cui zuccheri: 2,5 g, Fibre: 0 g, Proteine: 3,6 g, Sale: 0,1 g", ,3
135,8001120987167, Ricotta 250 g,La ricotta è un prodotto ricco di calcio e fonte di fosforo.250g,4.55,COOP, ,http://www.catalogoprodotti.coop.it/medias/2847001-1637045-P.jpg-300Wx300H?context=bWFzdGVyfHJvb3R8MTE3MDV8aW1hZ2UvanBlZ3xoYWYvaGIyLzg4NjQ5Njk1NTU5OTguanBnfGRjZGM2N2MwZjk3MDRkOWNhNjNmM2ZkMjkxOTRmOTBhZmYyNWRkOTgwODkyNTQzZWM5MzlhODJiZjdjYzM2M2I,"Crema di latte: Italia, Latte: Italia, Siero di latte: Italia","Siero di latte, Latte, Sale, Correttore di acidità: acido lattico, Origine del latte: Italia",Conservare in frigorifero tra 0°C e +4°C. Una volta aperta consumare entro le 24 ore.,,"Energia: 594 kJ, Grassi: 11 g, di cui acidi grassi saturi: 6,8 g, Carboidrati: 3 g, di cui zuccheri: 3 g, Fibre: 0 g, Proteine: 8 g, Sale: 0,4 g, Calcio: 260 mg, Fosforo: 123 mg", ,3
136,8001120843616, Fettine formaggio fuso a fette 8 fettine 200 g,"Le fettine Coop sono ottenute da latte e da un mix di formaggi, senza l'aggiunta di polifosfati o conservanti. Si possono usare sia crude che fuse nelle preparazioni o nei toast.8 Fettine, Senza polifosfati e conservanti, 200g",1.8,COOP, ,http://www.catalogoprodotti.coop.it/medias/6763057-1401882-P.jpeg-300Wx300H?context=bWFzdGVyfHJvb3R8MTUzMDV8aW1hZ2UvanBlZ3xoYzcvaGMwLzg4MzgzMzA1NDgyNTQuanBnfDg4N2Y2OWEzMWI5OTAyOGNkYmM5ODM4OTc4ZGY4YjNiMzU4ODU5OGRjNWQ0NDU4OTc2NzMzOGZkNmRjMWQ4NTA,"Formaggio: Italia, Latte: Italia","Latte (140g per 100g di prodotto finito), Formaggio (45%), Burro, Proteine del latte, Sali di fusione: citrato di sodio, Sale, Correttore di acidità: acido citrico, SENZA GLUTINE","Confezionato in atmosfera protettiva, Conservare in frigorifero da 0° C a +6°C",,"Energia: 1036 kJ, Grassi: 249 kcal, di cui acidi grassi saturi: 62 kcal, Carboidrati: 19 g, di cui zuccheri: 4,7 g, Fibre: 13 g, Proteine: 3,3 g, Sale: 9,8 g, Calcio: 2,5 g, Fosforo: 6 g", ,3
137,8001120789709, Mozzarella di Bufala Campana DOP bocconcini 300 g,"Dal latte intero di bufala sapientemente lavorato secondo metodi tradizionali nasce la mozzarella di bufala campana DOP fior fiore, una vera specialità e un'autentica delizia per i palati più raffinati. Si distingue per un'ulteriore caratteristica: una specifica alimentazione delle bufale senza aggiunta di grassi animali e senza Organismi Geneticamente Modificati.Abbinamento vino consigliato: Fiano di Avellino DOCG Fior Fiore Coopfior fiore, Il Meglio della Cultura Gastronomica, Denominazione di Origine Protetta, Peso netto: 650g Peso sgocciolato: 300g e",2.75,FIOR FIORE, ,http://www.catalogoprodotti.coop.it/medias/6815149-1903931-P.jpg-300Wx300H?context=bWFzdGVyfHJvb3R8MTE4OTR8aW1hZ2UvanBlZ3xoYTIvaDBiLzg4NzkwNjIyODYzNjYuanBnfGQ2YTIxMzljNmJlNDdmOGIyZTMwN2IwOTA5NTNkNTUxNmJkZmUwZGM1NmUyN2ExZjhkYWY2MmMxMmM1ZTAxZDY,Latte di bufala: Italia,"Latte di bufala, Siero innesto naturale (latte), Sale, Caglio","Modalità di conservazione, Conserva in frigorifero tra 0° e +4°C. Per apprezzarne appieno le caratteristiche si consiglia di togliere i bocconcini dal frigo almeno un'ora prima di consumarli.",,"Energia: 1149 kJ, Grassi: 23 g, di cui acidi grassi saturi: 14 g, Carboidrati: 0 g, di cui zuccheri: 0 g, Fibre: 0 g, Proteine: 17 g, Sale: 0,45 g", ,3
138,8001120989772, Grana Padano DOC Grattugiato 100 g,"Il Grana Padano grattugiato è un ottimo condimento per la pasta in quanto la integra, arricchendola in gusto e rendendola così un piatto completo. La zip salvafreschezza consente di conservare il prodotto mantenendo intatti valori nutrizionali, bontà e gusto.Zip salvafreschezza, Denominazione d'Origine Protetta, 100g",3.85,COOP, ,http://www.catalogoprodotti.coop.it/medias/2610820-1576081-P.jpeg-300Wx300H?context=bWFzdGVyfHJvb3R8MTQwNjF8aW1hZ2UvanBlZ3xoNWIvaDVmLzg4NDI4MTM0NzI3OTguanBnfGQ4MzZlODRmMDNmNzU4NDdjMWM2MTBkYjVkNTgwNzI1YmM3NmUzMWMyNjA4ZWVlYzVjNjI1NzA4YjRmMmI2MWY,Latte: Italia,"Latte, Sale, Caglio, Conservante: lisozima da uovo","Conserva in frigorifero ad una temperatura compresa tra +2°C e +8°C. Dopo l'apertura, chiudi bene con la zip salvafreschezza, mantieni il prodotto in frigorifero e consumalo entro una settimana., Prodotto confezionato in atmosfera protettiva.",,"Energia: 1654 kJ, Grassi: 398 kcal, di cui acidi grassi saturi: 80 kcal, Carboidrati: 29 g, di cui zuccheri: 5,8 g, Fibre: 18 g, Proteine: 3,6 g, Sale: 0 g, Calcio: 0 g, Fosforo: 0 g", ,3
139,8001120837417, Scamorza di Latte Vaccino 250 g,"La scamorza Coop si presta ad essere utilizzata in mille modi: può essere cotta alla piastra, usata per farcire pizze, arricchire il gusto di preparazioni al forno e per tutto quello che la fantasia in cucina suggerisce...250g",1.75,COOP, ,http://www.catalogoprodotti.coop.it/medias/6824834-1597855-P.jpeg-300Wx300H?context=bWFzdGVyfHJvb3R8MTExNjl8aW1hZ2UvanBlZ3xoOGQvaGVjLzg4NDUwMTc1NDY3ODIuanBnfGY4Mjg5YjEwNTU5YzQyMmI3NTU2MTUyNWU4ZTQyZTI4OTExY2FkYmIyOTM4MDdhNmY4ZmNkNzUwNjI0YWY5M2E,Latte: Italia,"Latte, Sale, Caglio , Origine del latte: Italia","Conservare in frigo tra 0° e +4°C., Prodotto confezionato in atmosfera protettiva",,"Energia: 1205 kJ, Grassi: 22 g, di cui acidi grassi saturi: 15 g, Carboidrati: 1 g, di cui zuccheri: 0 g, Fibre: 0 g, Proteine: 22 g, Sale: 1 g, Calcio: 682 mg", ,3
140,8001120961013, Mozzarella Fior di Latte Specialità Tradizionale Garantita 200 g,"La mozzarella fior di latte fior fiore Coop è prodotta secondo quanto previsto dal disciplinare di produzione STG (Specialità Tradizionale Garantita).L'impiego del lattoinnesto naturale consente di ottenere una mozzarella gustosissima e ricca di fermenti lattici vivi, che ne caratterizzano l'aroma ed il gusto acidulo e delicato.Si distingue anche per una tenuta perfetta, una pasta morbida, con le caratteristiche foglie sovrapposte e la pelle liscia, bianca e lucentefior fiore, Il Meglio della Cultura Gastronomica, Specialità Tradizionale Garantita, Peso sgocciolato: 200g e Peso netto: 400g",4.5,FIOR FIORE, , ,Latte: Italia,,"Modalità di conservazione, In frigorifero tra 0°C e +4°C. Per apprezzarne appieno le caratteristiche si consiglia di togliere la mozzarella dal frigo almeno un'ora prima di consumarla oppure di immergerla in acqua calda per 15 minuti (a 40°C circa) direttamente nella sua confezione.",, , ,3
141,8001120917874, Pecorino Romano DOP Grattugiato 100 g,"Il Pecorino Romano DOP a marchio Coop grattugiato fresco si distingue per un sapore gradevolmente deciso e si presta ad esaltare il gusto dei vostri primi piatti.La zip salvafreschezza consente di conservare il prodotto mantenendo intatti valori nutrizionali, bontà e gusto.Zip salvafreschezza, Denominazione d'Origine Protetta, 100g",0.85,COOP, ,http://www.catalogoprodotti.coop.it/medias/6726369-1344554-P.jpeg-300Wx300H?context=bWFzdGVyfHJvb3R8MTUzNTZ8aW1hZ2UvanBlZ3xoMjcvaGVjLzg4Mzc2OTc4NjM3MTAuanBnfGU3NGJlMjcyZTQ5MWQzN2QzNzM0ZDE4YzMwM2UwNWUyODA5MWViN2Y0OWY0MGE0NjdmMWM0NTJhMjVmMjNiMmI,Latte di pecora: Italia,"Latte di pecora, Sale, Caglio, Fermenti lattici","Conserva in frigorifero ad una temperatura compresa tra +4°C e +8°C. Dopo l'apertura, chiudi bene con la zip salvafreschezza, mantieni il prodotto in frigorifero e consumalo entro una settimana., Prodotto confezionato in atmosfera protettiva.",,"Energia: 1662 kJ, Grassi: 401 kcal, di cui acidi grassi saturi: 80 kcal, Carboidrati: 33 g, di cui zuccheri: 6,6 g, Fibre: 24 g, Proteine: 4,7 g, Sale: 0 g", ,3
142,8001120813923, Scamorza Affumicata di Latte Vaccino 140 g,"Le fette di Scamorza affumicata Coop sono naturali e gustose, ideali per:- imbottire toast, panini e piadine;- preparazioni da forno (pizze, torte salate,...);- il consumo tal quale;- soddisfare la tua fantasia in cucina!Affumicatura al naturale, 140g",4.15,COOP, ,http://www.catalogoprodotti.coop.it/medias/6696472-1302093-P.jpeg-300Wx300H?context=bWFzdGVyfHJvb3R8MTA3MjZ8aW1hZ2UvanBlZ3xoZTMvaGUxLzg4NDM5OTgyOTgxNDIuanBnfDY1NjJmODJmNzk1NWRhMzBhZGMzZjgzYzkyZDgwNTE2ZTUyYTlmMzMxYzhhMWI0OGU2ODkxMDk2MThlNTU3ZTM,Latte: Italia,"Latte, Sale, Caglio , Origine del latte: Italia","Conservare in frigorifero tra 0°C e +8°C., Confezionato in atmosfera protettiva.",,"Energia: 1441 kJ, Grassi: 347 kcal, di cui acidi grassi saturi: 49 kcal, Carboidrati: 27 g, di cui zuccheri: 3,8 g, Fibre: 19 g, Proteine: 2,7 g, Sale: 0 g", ,3
143,8001120987174, ricotta Biologica 250 g,"Ricotta vivi verde CoopLa ricotta vivi verde Coop ha un gusto delicato e si presta a numerose preparazioni culinarie, per portare in tavola piatti fantasiosi e gustosi in ogni occasione.La linea vivi verde Coop comprende i prodotti da agricoltura biologica, sani e genuini grazie a un sistema di produzione che rispetta gli animali e l'ambiente, e prodotti non alimentari ecologici, realizzati con criteri sostenibili e di compatibilità ambientale., 250g",1.35,VIVI VERDE, ,http://www.catalogoprodotti.coop.it/medias/2847003-1324652-P.jpg-300Wx300H?context=bWFzdGVyfHJvb3R8MTEyMjZ8aW1hZ2UvanBlZ3xoZGUvaDdmLzg4NjQ5NzQyMDkwNTQuanBnfDhlOTkzY2M0NTA5YmRjM2RhNzA5YjM4OGYxZjFmM2ZhNjQ2MDE0MDExOTc4NzFlNTllMjE0Y2FjYmUwY2UzNzY,"Latte: Italia, Siero di latte: Italia","Siero di latte*, Latte*, Sale, Correttore di acidità: acido lattico, *da agricoltura biologica, Origine del latte: Italia","Modalità di conservazione, In frigorifero tra 0° C e +4° C., Una volta aperta consumare entro le 24 ore",,"Energia: 658 kJ, Grassi: 12 g, di cui acidi grassi saturi: 8,2 g, Carboidrati: 3 g, di cui zuccheri: 3 g, Fibre: 0 g, Proteine: 9 g, Sale: 0,4 g", ,3
144,8001120005434, 3 Mozzarelle 3 x 125 g,peso netto 600g peso sgocciolato 3x125g e,2.55,COOP, ,http://www.catalogoprodotti.coop.it/medias/3798950-1332550-P.jpg-300Wx300H?context=bWFzdGVyfHJvb3R8MTQyNzd8aW1hZ2UvanBlZ3xoZWQvaGY5Lzg4NjkyOTY4MzI1NDIuanBnfGNjZThhMTRkMmFkNDRmNTNjZjQ5ZWNkOTY3NjcwYjQwMzkzNjg5MzgwNDEwMjU1MDQ5Zjc2MmRiZDBlZjM1MGM,Latte: Italia,"Latte vaccino pastorizzato, Sale, Caglio, Fermenti lattici, Origine del latte: Italia",Conservare in frigorifero ad una temperatura tra 0°C e +4°C.,Per gustare la mozzarella in tutta la sua fragranza consigliamo di toglierla dal frigo almeno mezz'ora prima di consumarla.,"Energia: 967 kJ, Grassi: 233 kcal, di cui acidi grassi saturi: 291 kcal, Carboidrati: 18 g, di cui zuccheri: 23 g, Fibre: 12 g, Proteine: 15 g, Sale: 0,7 g, Vitamina A: 0,9 g, Calcio: 0,5 g, Fosforo: 0,6 g", ,3
145,8001120966957, Provolone Valpadana DOP Piccante 300 g,"Il Provolone Valpadana DOP Coop è un formaggio a pasta filata su cui vigila, in ogni fase produttiva e commerciale, il Consorzio di Tutela. Il marchio Coop garantisce che il prodotto è senza conservanti aggiunti. Il suo sapore deciso e la sua stagionatura di 90 giorni lo distingue dal Provolone Valpadana DOP dolce. Si abbina perfettamente con uva e pera per un pasto veloce e costituisce un alimento versatile in molte ricette.Denominazione d'Origine Protetta, 300g",4.95,COOP, , ,Latte: Italia,,"Conservare in frigorifero tra +0°C e +8°C., Prodotto confezionato in atmosfera protettiva.",, , ,3
146,8001120988843, crescenza Biologica 165 g,"Crescenza vivi verde CoopLa crescenza vivi verde Coop è un formaggio morbido, dal gusto delicato e ricco di fermenti lattici vivi.Può essere consumata da sola o diventare un ottimo ingrediente per tante gustose ricette.165g",2.35,VIVI VERDE, ,http://www.catalogoprodotti.coop.it/medias/2736070-1600731-P.jpg-300Wx300H?context=bWFzdGVyfHJvb3R8ODg1MnxpbWFnZS9qcGVnfGgyNC9oZjIvODg3NzE0MTg1MjE5MC5qcGd8ZDQwNjVmNzM0M2Y4MzEyZjI5MDFmZGZmNzczNDE3YjdkYTZhOGUyMzllY2UwMTZkYzk2YTRhNDk3YzUwYjJiYw,Latte: Italia,"Latte fieno STG biologico 95%, Fermenti lattici vivi, Sale, Caglio animale, Origine del latte: Italia","Modalità di conservazione:, Conservare in frigorifero tra 0°C e +4°C., Prodotto confezionato in atmosfera protettiva",,"Energia: 1058 kJ, Grassi: 21 g, di cui acidi grassi saturi: 15 g, Carboidrati: 1,8 g, di cui zuccheri: 1,6 g, Fibre: 0 g, Proteine: 15 g, Sale: 0,8 g, Calcio: 359 mg, Fosforo: 352 mg", ,3
147,8001120788139, Scamorza di Latte Vaccino 140 g,"Le fette di Scamorza bianca Coop sono naturali e gustose, ideali per:- imbottire toast, panini e piadine;- preparazioni da forno (pizze, torte salate,...);- il consumo tal quale;- soddisfare la tua fantasia in cucina!140g",3.8,COOP, ,http://www.catalogoprodotti.coop.it/medias/6867342-1300786-P.jpeg-300Wx300H?context=bWFzdGVyfHJvb3R8MTA2NDR8aW1hZ2UvanBlZ3xoNTcvaDBlLzg4NDQwMTI5NzgyMDYuanBnfDhjOWM3MDJlNDk3NDkzMjlmMGM3YTM4M2QzMWZhOTc5MDI1MmRlODdhNjNiOWM2OTA2Y2YyMGI5MmJmYzBmMjQ,Latte: Italia,"Latte, Sale, Caglio, Origine del latte: Italia","Conservare in frigorifero tra 0°C e +8°C., Confezionato in atmosfera protettiva.",,"Energia: 1390 kJ, Grassi: 335 kcal, di cui acidi grassi saturi: 47 kcal, Carboidrati: 27 g, di cui zuccheri: 3,8 g, Fibre: 20 g, Proteine: 2,8 g, Sale: 1 g", ,3
148,8001120837424, Scamorza Affumicata di Latte Vaccino 250 g,"La scamorza Coop è affumicata in maniera naturale utilizzando trucioli di faggio, senza l'utilizzo di nessun aroma. Si presta ad essere utilizzata in mille modi: può essere cotta alla piastra, usata per farcire pizze, arricchire il gusto di preparazioni al forno e per tutto quello che la fantasia in cucina suggerisce...Affumicatura al naturale, 250g",1.85,COOP, ,http://www.catalogoprodotti.coop.it/medias/6824835-1597856-P.jpeg-300Wx300H?context=bWFzdGVyfHJvb3R8MTI3NDh8aW1hZ2UvanBlZ3xoMGMvaGNiLzg4NDUwMTgwNzEwNzAuanBnfDFlMDVhZDlmMzAwYTZhYzQ2YjRlZDQ4YTJlZjI5ZmY1OWIxYjhiZjNjNjRjOTlhNTVkYzMzODIyY2NmNGVlMjY,Latte: Italia,"Latte, Sale, Caglio , Origine del latte: Italia","Conservare in frigo tra 0° e +4°C., Prodotto confezionato in atmosfera protettiva",,"Energia: 1205 kJ, Grassi: 22 g, di cui acidi grassi saturi: 15 g, Carboidrati: 1 g, di cui zuccheri: 0 g, Fibre: 0 g, Proteine: 22 g, Sale: 1 g, Calcio: 682 mg", ,3
149,8001120805867, Ricottine 2 x 100 g,La ricotta è un prodotto ricco di calcio e fonte di fosforo.200g - 2x100g e,1.65,COOP, ,http://www.catalogoprodotti.coop.it/medias/6774279-1637075-P.jpeg-300Wx300H?context=bWFzdGVyfHJvb3R8NzQ4MXxpbWFnZS9qcGVnfGgxMy9oNzUvODg1MDQ2NDg2NjMzNC5qcGd8ZmRjNDFkN2IwZmU5MjAyZWU0YjJiNGZkYWQ0Mzg2NzgzMzk4NTYzZGE3MmU1NmRjNWJmMzY3MDFjNGI1ZDg5NA,"Crema di latte: Italia, Latte: Italia, Siero di latte: Italia","Siero di latte, Latte, Sale, Correttore di acidità: acido lattico , Origine del latte: Italia",Conservare in frigorifero tra 0°C e +4°C.,,"Energia: 611 kJ, Grassi: 11 g, di cui acidi grassi saturi: 6,8 g, Carboidrati: 3 g, di cui zuccheri: 3 g, Fibre: 0 g, Proteine: 9 g, Sale: 0,4 g, Calcio: 260 mg, Fosforo: 123 mg", ,3
150,8001120024930, mozzarella Biologica 125 g,"Mozzarella vivi verde CoopLa mozzarella vivi verde Coop è prodotta con latte ottenuto secondo i metodi biologici. Dal gusto fresco e delicato, è ideale come secondo piatto o come ingrediente in numerose preparazioni culinarie.La linea vivi verde Coop comprende i prodotti biologici, sani e genuini grazie a un sistema di produzione che rispetta gli animali e l'ambiente, e prodotti non alimentari ecologici, realizzati con criteri sostenibili e di compatibilità ambientale., Con fermenti lattici, Peso netto 200g Peso sgocciolato 125g e",0.85,VIVI VERDE, ,http://www.catalogoprodotti.coop.it/medias/5154140-1749012-P.jpg-300Wx300H?context=bWFzdGVyfHJvb3R8MTEyNDV8aW1hZ2UvanBlZ3xoNGMvaGQ5Lzg4NjM3OTMzNDg2MzguanBnfGYzZGRiYjZkOTFiMWY1OTg3ZTRhNDZhZDdiYzA1YTllYmI2YTExYmM0MDBkMDEyYTRhNjFlYjg0MDI4OTFkZmM,Latte: Italia,"Latte pastorizzato biologico, Sale, Caglio, Fermenti lattici, Origine del latte: Italia","Modalità di conservazione, In frigorifero tra 0° C e +4° C. Per gustare la mozzarella in tutta la sua bontà si consiglia di toglierla dal frigo almeno un'ora prima di consumarla oppure di immergerla in acqua calda per 15 minuti (a 40° C circa) direttamente nella sua confezione.",,"Energia: 1026 kJ, Grassi: 19 g, di cui acidi grassi saturi: 13 g, Carboidrati: 1 g, di cui zuccheri: 1 g, Fibre: 0 g, Proteine: 18 g, Sale: 0,5 g", ,3
151,8001120879660, Crescenza 100 g,"La crescenza Coop è un formaggio fresco, con fermenti lattici vivi. Grazie alla loro attività il prodotto acquista le sue preziose caratteristiche organolettiche. La crescenza Coop viene prodotta utilizzando esclusivamente latte proveniente da allevamenti italiani.Con fermenti lattici vivi, 100g",2.55,COOP, ,http://www.catalogoprodotti.coop.it/medias/6345659-1600736-P.jpeg-300Wx300H?context=bWFzdGVyfHJvb3R8MTQwMjB8aW1hZ2UvanBlZ3xoODEvaGE1Lzg4NDcxNjAxNDc5OTguanBnfGQyZWU1YzkyMTUwMzdkYjJkZmUwMDFmZTk4Mzk1NjFkYjA1MzYwMDAyNzE2MjFjNDk3MjI3Mzc1MTc5NjkyODA,Latte: Italia,"Latte, Fermenti lattici vivi, Sale, Caglio , Origine del latte: Italia","Prodotto confezionato in atmosfera protettiva., Conservare in frigorifero tra 0°C e  +4°C.",,"Energia: 1076 kJ, Grassi: 23 g, di cui acidi grassi saturi: 15 g, Carboidrati: 1,9 g, di cui zuccheri: 1,7 g, Fibre: 0 g, Proteine: 13 g, Sale: 0,7 g, Calcio: 359 mg, Fosforo: 352 mg", ,3
152,8001120862044, Mix di Formaggi Italiani Grattugiati 100 g,"Coop ha selezionato i migliori formaggi per creare un mix che possa dare ancora più gusto alle vostre ricette. È  fatto esclusivamente con formaggi italiani ed è ideale per condire un primo piatto e, grazie alla sua versatilità, si presta ad essere usato in molteplici preparazioni culinarie. La zip salvafreschezza consente di conservare il prodotto mantenendo intatti valori nutrizionali, bontà e gusto.Zip salvafreschezza, 100g",4.85,COOP, ,http://www.catalogoprodotti.coop.it/medias/6468932-1401872-P.jpeg-300Wx300H?context=bWFzdGVyfHJvb3R8MTU3OTR8aW1hZ2UvanBlZ3xoODUvaGE0Lzg4MzgyNDIyNzEyNjIuanBnfDc2YTU5Njk4ZDllNWRlMmI3OWRmMTM0NzE2NjM4OTA1OTcyMWQ5MDgxNzc5NGJlMzNhNjEzNDBmM2Y1OTk4MmY,Latte: Italia,"Latte, Sale, Caglio , Conservante: lisozima-proteina dell'uovo, Origine del latte: Italia","Conserva in frigorifero ad una temperatura compresa tra +2°C e + 8°C. Dopo l'apertura, chiudi bene con la zip salvafreschezza, mantieni il prodotto in frigorifero e consumalo entro una settimana., Prodotto confezionato in atmosfera protettiva.",,"Energia: 1623 kJ, Grassi: 391 kcal, di cui acidi grassi saturi: 78 kcal, Carboidrati: 31 g, di cui zuccheri: 6,2 g, Fibre: 20 g, Proteine: 4 g, Sale: 0 g, Calcio: 0 g, Fosforo: 0 g", ,3
153,8001120843630," Formaggini formaggio fuso a porzioni 8 x 17,5 g","I formaggini Coop sono ottenuti da latte italiano (40%) e da un mix di formaggi. Sono nutrienti, ricchi di calcio e di fosforo e il loro gusto dolce e cremoso li rende graditi a tutti, soprattutto ai più piccoli.Confezione sigillata da vendersi intatta, 8 Porzioni, Senza conservanti, Senza polifosfati aggiunti, 140g",0.8,COOP, ,http://www.catalogoprodotti.coop.it/medias/6763065-1401884-P.jpeg-300Wx300H?context=bWFzdGVyfHJvb3R8MTc4NTZ8aW1hZ2UvanBlZ3xoYTYvaDA0Lzg4MzgzMjQ4MTM4NTQuanBnfDQ3MTQxYjZjMzMzMWU1YzBmNTlhOTBlYThkMTk2MDIxODJjZmJjNjdjNDY4MDM5Y2VjZDA5OWJlMmE3OWY3Njk,"Formaggio: Nuova zelanda, Latte: Italia","Latte (min. 40%), Formaggio (35%), Panna, Proteine del latte, Sali di fusione: citrato di sodio, Correttore di acidità: acido citrico, SENZA GLUTINE",Conservare in un luogo fresco e asciutto.,,"Energia: 837 kJ, Grassi: 202 kcal, di cui acidi grassi saturi: 35 kcal, Carboidrati: 16 g, di cui zuccheri: 2,8 g, Fibre: 11 g, Proteine: 2 g, Sale: 2,6 g, Calcio: 0 g, Fosforo: 2,1 g", ,3
154,8001120928566, senza lattosio Mascarpone alta digeribilità 250 g,"<0,01% di lattosio, Il prodotto contiene glucosio e galattosio in conseguenza della scissione del lattosio, 250g",1.05,BENE SI', ,http://www.catalogoprodotti.coop.it/medias/7478545-1430546-P.jpeg-300Wx300H?context=bWFzdGVyfHJvb3R8MTQ5NTR8aW1hZ2UvanBlZ3xoZWYvaGMyLzg4MzkyOTYwNTczNzQuanBnfGM5ZTFkYmIyZDBjMTBmOGM5ODJlYjE5NGQ3MzY3NjZlN2E1YTRlYmVjOTdiN2VmYjcwZTcwZWRiZWZmZjVlNDE,"Latte: Italia, Panna: Italia","Panna pastorizzata, Latte pastorizzato, Correttore di acidità: acido lattico (latte) , Origine del latte: Italia","Modalità di conservazione, Conservare in frigorifero ad una temperatura compresa tra 0°C e +4°C.",,"Energia: 1693 kJ, Grassi: 42 g, di cui acidi grassi saturi: 30 g, Carboidrati: 4,6 g, di cui zuccheri: 4,6 g, Fibre: 0 g, Proteine: 3,6 g, Sale: 0,11 g", ,3
155,2143983000000, Boscatella del Trentino,"Un formaggio a pasta morbida e burrosa dal gusto piacevole e delicato di latte. Sua inconfondibile caratteristica è un sottile strato di muffa bianca commestibile che ricopre il prodotto. E' ideale da gustare con un vino bianco leggero.fior fiore, Il Meglio della Cultura Gastronomica",1.4,FIOR FIORE, ,http://www.catalogoprodotti.coop.it/medias/7097350-1592980-P.jpeg-300Wx300H?context=bWFzdGVyfHJvb3R8MTYzOTN8aW1hZ2UvanBlZ3xoMDYvaDcyLzg4NDQ0NzcwMzg2MjIuanBnfDBlOTgxOTBkNmZkMTFmZDU3OTNiMzI1ZDkwNGI4NDAzMTMwMGQ5NWJjZmY1Zjk3ZDA5NDcxOWMxZTg1NDc3ZTU,Latte: Italia,"Latte vaccino pastorizzato, Sale, Caglio, Con fermenti lattici vivi",Vedi indicazioni riportate sull’etichetta del prodotto.,,"Energia: 1250 kJ, Grassi: 25 g, di cui acidi grassi saturi: 17 g, Carboidrati: 1,5 g, di cui zuccheri: 0 g, Fibre: 0 g, Proteine: 19 g, Sale: 1,5 g", ,3
156,8001120787170, Pecorino Romano DOP 250 g,"Il Pecorino Romano DOP, grazie al suo sapore particolarmente deciso, è ideale da grattugiare per la preparazione di salse e primi piatti particolarmente saporiti.Denominazione d'Origine Protetta, 250g",1.8,COOP, ,http://www.catalogoprodotti.coop.it/medias/6858624-1344558-P.jpeg-300Wx300H?context=bWFzdGVyfHJvb3R8ODcyOHxpbWFnZS9qcGVnfGg5Yy9oZDIvODg0MDIxMTcyNjM2Ni5qcGd8MTRkZDU1YzQwNjE0YTQ0ZDNhNmI3NGE4M2EwMDMzMzRiMjUwMDNhZTZhZjcwNDkyNzM1MjJmZWMxNjg2Y2ZhOQ,Latte di pecora: Italia,"Latte di pecora, Sale, Caglio",Conservare in frigorifero tra +2°C e +8°C.,,"Energia: 1662 kJ, Grassi: 33 g, di cui acidi grassi saturi: 24 g, Carboidrati: 0 g, di cui zuccheri: 0 g, Fibre: 0 g, Proteine: 26 g, Sale: 4,8 g", ,3
157,8001120905499, Mozzarella 400 g,"La mozzarella Coop in panetto può essere utilizzata per guarnire insalate, per condire la pizza oppure in tutti quei piatti dove occorre la freschezza e genuinità.400g",2.95,COOP, ,http://www.catalogoprodotti.coop.it/medias/7183905-1873962-P.jpg-300Wx300H?context=bWFzdGVyfHJvb3R8MTAxMzV8aW1hZ2UvanBlZ3xoYmYvaGY3Lzg4NzYyNzAwMjY3ODIuanBnfGQzNjA1MDNmZmNhN2QzMmYzODI2MWUyMmFiY2Y3ZjNkMTNiNzBhNWMzYTk1NGY5MTgzZmE5MjU4NjZiOGEyYTc,Latte: Italia,"Latte pastorizzato, Sale, Caglio microbico , Fermenti lattici , Origine del latte: Italia",Conservare in frigorifero tra 0°C e +4°C.,,"Energia: 1240 kJ, Grassi: 23 g, di cui acidi grassi saturi: 16 g, Carboidrati: 0,9 g, di cui zuccheri: 0,9 g, Fibre: 0 g, Proteine: 22 g, Sale: 0,7 g", ,3
158,8001120892058, Fettine formaggio fuso a fette 16 fettine 400 g,"Le fettine Coop sono ottenute da latte e da un mix di formaggi, senza l'aggiunta di polifosfati o conservanti. Si possono usare sia crude che fuse nelle preparazioni o nei toast.16 Fettine, Senza polifosfati e conservanti, 400g",4.55,COOP, ,http://www.catalogoprodotti.coop.it/medias/7526531-1526459-P.jpeg-300Wx300H?context=bWFzdGVyfHJvb3R8MTcwNzN8aW1hZ2UvanBlZ3xoZTAvaGU0Lzg4MzgzMTU5MzM3MjYuanBnfDM5YTZkYjFiYTkyYWMxYWExYjEzYTFkM2U2MGVlOTMyMjE0NmYwNTJhNTE1OWNhNGE5NDA0MzhmYzYxYWExYzg,"Formaggio: Italia, Latte: Italia","Latte (140g per 100g di prodotto finito), Formaggio (45%), Burro, Proteine del latte, Sali di fusione: citrato di sodio, Sale, Correttore di acidità: acido citrico, SENZA GLUTINE","Confezionato in atmosfera protettiva, Conservare in frigorifero da 0° C a +6°C",,"Energia: 1036 kJ, Grassi: 249 kcal, di cui acidi grassi saturi: 62 kcal, Carboidrati: 19 g, di cui zuccheri: 4,7 g, Fibre: 13 g, Proteine: 3,3 g, Sale: 9,8 g, Calcio: 2,5 g, Fosforo: 6 g", ,3
159,8001120813916, Emmental Bavarese Affettato 140 g,"Le fette di Emmental Bavarese Coop sono naturali e gustose, ideali per:- imbottire toast, panini e piadine;- preparazioni da forno (pizze, torte salate,...);- il consumo tal quale;- soddisfare la tua fantasia in cucina!140g",3.55,COOP, ,http://www.catalogoprodotti.coop.it/medias/6696471-1302086-P.jpeg-300Wx300H?context=bWFzdGVyfHJvb3R8OTMzOXxpbWFnZS9qcGVnfGhlYy9oODUvODgzOTA4NzAzMDMwMi5qcGd8ZGE1MzBiZGU0Yzc4ZTNkMWQ5NWZiMmVlMzFiM2ZjNzAzNmZhYzBmNTU5NDQ5NDg3MWU2MjRiYTcwZjNjODljOA,Latte: Germania,"Latte, Sale, Caglio , Origine del latte: Germania","Conservare in frigorifero tra 0°C e +8°C., Confezionato in atmosfera protettiva.",,"Energia: 1564 kJ, Grassi: 377 kcal, di cui acidi grassi saturi: 53 kcal, Carboidrati: 29 g, di cui zuccheri: 4,1 g, Fibre: 20 g, Proteine: 2,9 g, Sale: 0,8 g", ,3
160,8001120927576, asiago DOP Fresco Biologico 250 g,"vivi verde, La linea vivi verde Coop comprende i prodotti biologici, sani e genuini grazie a un sistema di produzione che rispetta gli animali e l'ambiente, e prodotti non alimentari ecologici, realizzati con criteri sostenibili e di compatibilità ambientale., Denominazione d'Origine Protetta, 250g",1.25,VIVI VERDE, ,http://www.catalogoprodotti.coop.it/medias/7557309-1563339-P.jpeg-300Wx300H?context=bWFzdGVyfHJvb3R8OTk4OHxpbWFnZS9qcGVnfGhlNy9oOGQvODg0MDcxMzIwNzgzOC5qcGd8ZjVkNGE4ZWY5Zjc4YzRmOTBlZWRmODVjNmE2ODAwNWY2OWZkYWUzMTcwYmQ4YjQ4Mzk2ZTI2ZDMzNTk1NTFkYw,Latte: Italia,"Latte*, Sale, Fermenti lattici, Caglio, *Biologico, La parte superficiale della crosta non è edibile","Modalità di conservazione, Confezionato in atmosfera protettiva., Conserva in frigorifero ad una temperatura compresa tra +2°C e +8°C.",,"Energia: 1613 kJ, Grassi: 389 kcal, di cui acidi grassi saturi: 194 kcal, Carboidrati: 32 g, di cui zuccheri: 16 g, Fibre: 23 g, Proteine: 11 g, Sale: 0 g, Calcio: 0 g", ,3
161,8001120936547, senza lattosio Ricottine alta digeribilità 2 x 100 g,"<0,01% di lattosio, 200g e (2x100g)",3.45,BENE SI', ,http://www.catalogoprodotti.coop.it/medias/7210801-1312086-P.jpeg-300Wx300H?context=bWFzdGVyfHJvb3R8OTkxOXxpbWFnZS9qcGVnfGhmZS9oNWEvODgzOTQ2MjA2MDA2Mi5qcGd8MDYwZDA5NjI3MGViZjJhOTk1NTg1N2QzZDc3ODhhMWJhYThiMGNkMzA0NzllZTllOTMxOGUxNDliNzUzZmJkYg,"Crema di latte: Italia, Siero di latte: Italia","Siero di latte delattosato, Crema di latte delattosata, Sale, Correttore di acidità: acido citrico, Origine del latte: Italia, Il prodotto contiene glucosio e galattosio in conseguenza della scissione del lattosio ","Modalità di conservazione, Conserva in frigorifero tra 0°C e +4°C.",,"Energia: 623 kJ, Grassi: 12 g, di cui acidi grassi saturi: 8,2 g, Carboidrati: 3 g, di cui zuccheri: 3 g, Fibre: 0 g, Proteine: 7,5 g, Sale: 0,4 g", ,3
162,8001120933799, senza lattosio Formaggio fresco spalmabile alta digeribilità 200 g,"<0,01% di lattosio, Il prodotto contiene glucosio e galattosio in conseguenza della scissione del lattosio, 200g",0.9,BENE SI', ,http://www.catalogoprodotti.coop.it/medias/7501373-1459457-P.jpeg-300Wx300H?context=bWFzdGVyfHJvb3R8MTE2NDZ8aW1hZ2UvanBlZ3xoMWYvaDRlLzg4MzkwOTkwMjMzOTAuanBnfGQ3MGVkYzkyOGFiZDU2Y2M2NmQ4NmE1Nzc5MGQwZDNiNDA0MWQ3YjgwODYwZjYxYTUxNTNjZTI1NTA4Y2U3NzM,"Crema di latte: Italia, Latte: Italia","Latte pastorizzato, Crema di latte, Sale, Addensanti: alginato di sodio, farina di semi di carrube, Origine del latte: Italia, SENZA GLUTINE ","Modalità di conservazione, Conservare in frigorifero ad una temperatura compresa tra 0°C e +4°C.",,"Energia: 1141 kJ, Grassi: 28 g, di cui acidi grassi saturi: 20 g, Carboidrati: 2,7 g, di cui zuccheri: 2,7 g, Fibre: 0 g, Proteine: 4,5 g, Sale: 0,75 g", ,3
163,8001120908513, formaggio fresco Spalmabile 200 g,"Il formaggio fresco spalmabile Coop, da oggi ancora più gustoso e cremoso, si presta ad essere utilizzato in molteplici modi: per uno snack veloce, come ingrediente nella preparazione di primi piatti oppure nella creazione di sfiziosi antipasti ed aperitivi.200g",2.7,COOP, ,http://www.catalogoprodotti.coop.it/medias/7120524-1344563-P.jpeg-300Wx300H?context=bWFzdGVyfHJvb3R8MTEwMDB8aW1hZ2UvanBlZ3xoY2UvaGVkLzg4MzkwODY1MDYwMTQuanBnfGI1NjhmOWZiYTg2NDI4NTA5MjA3Y2E1ZGU1ZDg3NzE0MDRiMGY0NGMzMTMwZmRlZTg4OGJiYzMwZDUwM2RlOWM,"Crema di latte: Italia, Latte: Italia","Latte pastorizzato, Crema di latte, Sale, Addensanti: alginato di sodio, farina di semi di carrube, Origine del latte: Italia, SENZA GLUTINE",Conservare in frigorifero ad una temperatura compresa tra 0°C e +4°C.,,"Energia: 1141 kJ, Grassi: 28 g, di cui acidi grassi saturi: 20 g, Carboidrati: 2,7 g, di cui zuccheri: 2,7 g, Fibre: 0 g, Proteine: 4,5 g, Sale: 0,75 g", ,3
164,8001120904249, senza lattosio Mozzarella alta digeribilità 125 g,"Naturalmente ricca di calcio e fosforo, <0,01% di lattosio, peso netto 280g peso sgocciolato 125g e",1.75,BENE SI', ,http://www.catalogoprodotti.coop.it/medias/7193632-1296021-P.jpeg-300Wx300H?context=bWFzdGVyfHJvb3R8MTQ2Nzd8aW1hZ2UvanBlZ3xoNWMvaGNlLzg4NDAyNDgwNjYwNzguanBnfDcyNjU2YWVkYmJjMWI0MDgxNDE0YTNhMDk1YjMwMjliM2RiNDBhNjlkM2Y4YmZkYmIzOGE0MDAyOGE3YzMyZjQ,Latte: Italia,"Latte delattosato, Sale, Caglio, Fermenti lattici, Origine del latte: Italia, Il prodotto contiene glucosio e galattosio in conseguenza della scissione del lattosio ","Modalità di conservazione, Conservare in frigorifero tra 0°C e +4°C.",,"Energia: 885 kJ, Grassi: 213 kcal, di cui acidi grassi saturi: 266 kcal, Carboidrati: 16 g, di cui zuccheri: 19 g, Fibre: 11 g, Proteine: 13 g, Sale: 0 g, Vitamina A: 0 g, Calcio: 0 g, Fosforo: 0 g", ,3
165,8001120911445, Mascarpone 250 g,250g,0.95,COOP, ,http://www.catalogoprodotti.coop.it/medias/7054363-1402910-P.jpg-300Wx300H?context=bWFzdGVyfHJvb3R8MTMxNDd8aW1hZ2UvanBlZ3xoNDAvaDY4Lzg4NTgwMTUzNjcxOTguanBnfDY5ZTI1ZTM0ZTMyYzQ3ODYzMDk1MTkxOGUxZjVhY2U2ODk2MmExYTYyYzc4NTFlMDI2YTBmYjA0ZDAyNDNiMzQ,"Latte: Italia, Panna: Italia","Panna pastorizzata, Latte pastorizzato, Correttore di acidità: acido citrico, Origine del latte: Italia","Conservare in frigorifero ad una temperatura compresa tra 0°C e +4°C., Una volta aperto consumare entro le 24 ore.",,"Energia: 1658 kJ, Grassi: 42 g, di cui acidi grassi saturi: 28 g, Carboidrati: 2,5 g, di cui zuccheri: 2,5 g, Fibre: 0 g, Proteine: 3,6 g, Sale: 0,1 g", ,3
166,8001120966940, Provolone Valpadana DOP Dolce 300 g,"Il Provolone Valpadana DOP Coop è un formaggio a pasta filata su cui vigila, in ogni fase produttiva e commerciale, il Consorzio di Tutela. Il marchio Coop garantisce che il prodotto è senza conservanti aggiunti. Il suo sapore delicato e la sua stagionatura di 30 giorni lo distingue dal Provolone Valpadana DOP piccante. Si abbina perfettamente con uva e pera per un pasto veloce e costituisce un alimento versatile in molte ricette.Denominazione d'Origine Protetta, 300g",2.95,COOP, ,http://www.catalogoprodotti.coop.it/medias/2978728-1302116-P.jpeg-300Wx300H?context=bWFzdGVyfHJvb3R8OTM3OXxpbWFnZS9qcGVnfGgyMS9oMGYvODgzOTEyOTkyMzYxNC5qcGd8NDc3Y2Q0YjgzMTY1MGVhYzJhNGUxMWViM2EyOWNhZTA1ZDhiOGYwYjBkMDI5ODIwYTIxMzRhYzY5ODM1MjI0ZA,Latte: Italia,"Latte , Sale, Caglio","Conservare in frigorifero tra +0°C e +8°C., Prodotto confezionato in atmosfera protettiva.",,"Energia: 1501 kJ, Grassi: 362 kcal, di cui acidi grassi saturi: 181 kcal, Carboidrati: 30 g, di cui zuccheri: 15 g, Fibre: 21 g, Proteine: 11 g, Sale: 0,8 g", ,3
167,8001120813909, Edamer Affettato 140 g,"Le fette di Edamer Coop sono naturali e gustose, ideali per:- imbottire toast, panini e piadine;- preparazioni da forno (pizze, torte salate,...);- il consumo tal quale;- soddisfare la tua fantasia in cucina!140g",1.6,COOP, ,http://www.catalogoprodotti.coop.it/medias/6696469-1300793-P.jpeg-300Wx300H?context=bWFzdGVyfHJvb3R8OTA0N3xpbWFnZS9qcGVnfGg2My9oNDIvODgzOTA5ODUzMTg3MC5qcGd8NWU2MWIyMjIyZjRjZWZmMzQxMDhlOGU0MmJiOTFjOTA5Mjk2NGIzMzA1ZmI4N2JmODgwNjViNTU5YjYxNDEwNQ,Latte: Germania,"Latte, Sale, Caglio , Origine del latte: Germania","Conservare in frigorifero tra 0°C e +8°C., Confezionato in atmosfera protettiva.",,"Energia: 1290 kJ, Grassi: 310 kcal, di cui acidi grassi saturi: 43 kcal, Carboidrati: 23 g, di cui zuccheri: 3,2 g, Fibre: 17 g, Proteine: 2,3 g, Sale: 1 g", ,3
168,8001120813893, Tilsiter Affettato 140 g,"Le fette di Tilsiter Coop sono naturali e gustose, ideali per:- imbottire toast, panini e piadine;- preparazioni da forno (pizze, torte salate,...);- il consumo tal quale;- soddisfare la tua fantasia in cucina!Senza coloranti, 140g",1.9,COOP, ,http://www.catalogoprodotti.coop.it/medias/6696468-1302079-P.jpeg-300Wx300H?context=bWFzdGVyfHJvb3R8OTM0NHxpbWFnZS9qcGVnfGhjNi9oMGEvODgzOTEwMzcwOTIxNC5qcGd8OTdiZTYzNTM2ZTJiZWJkNDkyM2IwYTU2YTljYjNlMjNmMTY4MThiOTMyNjQ1ZjRiNzk4ZjE2MzMwOTJjOWM3Yg,Latte: Germania,"Latte, Sale, Caglio , Origine del latte: Germania","Conservare in frigorifero tra 0°C e +8°C., Confezionato in atmosfera protettiva.",,"Energia: 1374 kJ, Grassi: 331 kcal, di cui acidi grassi saturi: 46 kcal, Carboidrati: 26 g, di cui zuccheri: 3,6 g, Fibre: 18 g, Proteine: 2,6 g, Sale: 1,3 g", ,3
169,2143981000000, Provola Sfoglia Montalbano Formaggio a Pasta Filata,"fior fiore, Il Meglio della Cultura Gastronomica",1.65,FIOR FIORE, ,http://www.catalogoprodotti.coop.it/medias/7097348-1669880-P.jpeg-300Wx300H?context=bWFzdGVyfHJvb3R8NTE2MnxpbWFnZS9qcGVnfGgwZS9oMzMvODg1NDIwMzkyNDUxMC5qcGd8MmM5ZDZjMWI0N2YyNGE2ZmNmMjk3MWU4MDc1ZTA1MjkyNjBkOWJkNTNjMDlhYjljMDQ1NDkyNTU1NjNhMDhhNA,Latte: Italia,"Latte vaccino , Caglio    , Sale, Crosta non edibile    ",Vedi indicazioni riportate sull’etichetta del prodotto.,,"Energia: 1602 kJ, Grassi: 27,5 g, di cui acidi grassi saturi: 26,3 g, Carboidrati: 0,78 g, di cui zuccheri: 0,78 g, Fibre: 0 g, Proteine: 33,6 g, Sale: 1,1 g", ,3
170,2143977000000, Asiago Formaggio D.O.P. Stagionato,"fior fiore, Il Meglio della Cultura Gastronomica, Prodotto da vendersi a peso, Denominazione d'Origine Protetta",0.6,FIOR FIORE, ,http://www.catalogoprodotti.coop.it/medias/7097342-1583917-P.jpeg-300Wx300H?context=bWFzdGVyfHJvb3R8NzQ4NXxpbWFnZS9qcGVnfGhlMy9oYjcvODg0MzY3NzA3MzQzOC5qcGd8NzIzOWY3ZmI5YzJjMTFiNTNhMTU5MmM3OWY3ZWE2NWY5MDAyMzEzZjZhMzZjZTFlZjhhMzVlMDJmNDA0NjczOQ,Latte: Italia,"Latte vaccino, Sale, Caglio, Crosta non edibile",Vedi indicazioni riportate sull’etichetta del prodotto.,,"Energia: 1623 kJ, Grassi: 31 g, di cui acidi grassi saturi: 22 g, Carboidrati: 0,3 g, di cui zuccheri: 0,1 g, Proteine: 28 g, Sale: 2,4 g", ,3
